Arena de cuarzo,Tetracloruro de silicio (> 99%),Electricidad,Vapor,Agua,Carburo de silicio,Plata,Electricidad,Vidrio,Aluminio,Película de fluoruro de polivinilo (PVF),Copolímero de etileno y acetato de vinilo (EVA),Electricidad,Aluminio,Combustible gasolina para transporte,Electricidad,Combustible diésel,Metal de silicio (grado metalúrgico),Plata,Human health (total),Ecosystems (total),Resources (total),Human health (recycling),Ecosystems (recycling),Resources (recycling)
38,8.1,2653,417,499,183,76,789,64,14,2.6,6.4,81,4.7,21,9.5,37,3.3,78,0.006573275,1.94E-05,94.343988,-8.26E-06,-9.90E-09,0.072561363
41,9.9,2682,408,498,166,63,756,60,13,2.2,8.3,84,4.4,20,7.9,31,3.4,66,6.36E-03,1.89E-05,89.776952,-7.67E-06,-9.48E-09,0.044544858
46,9.6,1899,317,565,183,77,736,71,10,1.9,8.8,75,4.4,23,8,34,2.5,74,6.37E-03,1.90E-05,91.499675,-7.80E-06,-9.21E-09,0.062593606
46,8.5,2244,363,447,170,80,650,69,10,2.6,7.5,70,4.7,17,7.9,40,3.2,81,6.34E-03,1.89E-05,85.961742,-8.39E-06,-9.96E-09,0.087926581
48,7.2,2321,457,546,142,63,711,71,13,2.4,8.4,60,3.2,19,10.6,41,3,81,5.99E-03,1.75E-05,83.108647,-8.26E-06,-9.71E-09,0.097153205
39,7.2,2084,386,402,169,73,556,65,13,2.6,8,70,4.5,24,8.3,39,3.5,72,6.34E-03,1.87E-05,90.042454,-7.95E-06,-9.65E-09,0.087506389
39,9.3,2601,394,517,194,60,554,56,14,1.9,6.5,86,4.4,24,8.2,38,3.4,59,6.52E-03,1.92E-05,95.620772,-7.11E-06,-8.83E-09,0.093030149
50,9.4,2394,361,433,166,59,600,52,13,2.3,6.8,62,4.6,21,9.6,39,2.8,55,6.31E-03,1.88E-05,86.738777,-6.60E-06,-8.09E-09,0.10769206
49,9.8,2655,330,474,194,60,700,64,12,2.6,8.7,65,4.1,20,8.1,29,3.3,80,6.47E-03,1.88E-05,94.844371,-8.55E-06,-1.03E-08,0.021517951
45,9.5,2320,399,482,176,63,630,61,10,2.4,6.4,85,4.2,24,11.3,33,2.8,67,6.28E-03,1.86E-05,89.59766,-7.42E-06,-8.95E-09,0.062337135
50,9.4,2119,426,575,164,62,618,53,11,2.3,8.2,70,3.4,17,8.1,37,3.2,67,6.05E-03,1.78E-05,83.293293,-7.56E-06,-9.20E-09,0.081637518
52,9.1,1841,315,492,150,67,801,63,12,2.6,7.6,77,4.2,19,10.9,37,2.9,56,6.14E-03,1.84E-05,82.52379,-6.71E-06,-8.25E-09,0.094834897
52,7.2,2051,338,562,150,75,702,71,12,2.5,8.3,75,3.9,23,10.5,38,2.7,71,6.12E-03,1.82E-05,85.419476,-7.57E-06,-8.98E-09,0.089489201
41,9.2,2522,354,523,147,80,605,69,12,2.5,6.9,70,3.5,21,8.4,30,3,61,6.08E-03,1.78E-05,84.026858,-7.22E-06,-8.90E-09,0.045905581
51,8,2110,320,479,188,73,715,67,13,2.2,7.1,84,4.1,19,8.6,37,3.1,72,6.42E-03,1.87E-05,91.455146,-7.83E-06,-9.42E-09,0.07848039
42,9.4,2318,312,549,145,65,649,71,14,2.2,8.7,79,3.9,19,10.7,38,3.6,70,6.15E-03,1.83E-05,84.165314,-7.83E-06,-9.57E-09,0.083928018
47,8.5,2608,362,438,173,80,630,64,11,2.1,6.7,77,3.8,22,8,38,3.5,58,6.25E-03,1.81E-05,89.264355,-7.09E-06,-8.85E-09,0.093017687
42,9.9,2277,408,590,184,75,754,63,10,2,8.1,66,3.2,24,7.9,34,3.1,67,6.21E-03,1.79E-05,92.361816,-7.58E-06,-9.23E-09,0.064058326
54,6.9,2473,366,405,178,62,798,65,10,2.1,8.3,68,4.2,18,9.2,30,3.6,57,6.29E-03,1.84E-05,88.381767,-7.17E-06,-9.07E-09,0.045422289
43,9,2066,453,520,160,59,594,70,13,2.5,6.4,71,3.4,17,8.9,32,3.4,68,6.11E-03,1.78E-05,83.914727,-7.76E-06,-9.54E-09,0.049559649
49,7.5,2116,331,443,194,57,672,52,10,2.3,7.3,83,3.4,22,11.7,41,2.9,77,6.21E-03,1.78E-05,90.66114,-7.95E-06,-9.36E-09,0.10193833
45,8.4,2507,335,522,207,63,616,73,10,2.2,7.1,61,4.3,16,8.7,33,3.6,68,6.50E-03,1.91E-05,92.941961,-7.82E-06,-9.66E-09,0.054040858
51,8.6,2706,313,501,154,73,708,61,10,2.1,6.8,62,4.4,24,10.2,29,3.1,74,6.18E-03,1.85E-05,85.549051,-8.06E-06,-9.74E-09,0.02934445
48,7.7,2640,387,433,161,59,637,74,11,1.9,7.8,69,4.2,22,11.2,35,3.6,68,6.22E-03,1.84E-05,87.645546,-7.76E-06,-9.55E-09,0.067112867
45,8.9,1929,436,445,178,61,733,74,10,2,8.4,58,4.5,24,8,39,3.1,71,6.33E-03,1.88E-05,91.150929,-7.74E-06,-9.31E-09,0.091057252
52,9.4,1998,352,473,194,65,587,67,12,2.2,6.5,65,3.7,21,10.3,31,3.6,57,6.34E-03,1.83E-05,91.745527,-7.14E-06,-9.01E-09,0.052180832
42,8.8,2293,348,498,160,79,751,59,12,2.6,8.5,73,3.2,21,9.4,40,2.8,61,6.10E-03,1.76E-05,86.950945,-6.96E-06,-8.42E-09,0.10858353
49,6.8,2521,377,512,171,69,609,52,11,1.9,6.3,76,4.4,17,8.5,40,2.5,65,6.25E-03,1.87E-05,84.289317,-7.12E-06,-8.47E-09,0.10682709
48,7.9,2272,407,517,141,62,574,73,14,2.7,6.4,59,4.8,16,8.2,36,2.5,67,6.24E-03,1.90E-05,80.764076,-7.32E-06,-8.72E-09,0.080719633
45,7.4,2463,363,474,168,62,725,67,12,2.4,7.9,78,3.8,23,10.9,35,3,59,6.23E-03,1.82E-05,89.970806,-6.97E-06,-8.56E-09,0.07947099
42,8.7,2125,379,499,162,75,720,52,14,2,7.8,60,3.8,18,9.5,39,2.5,80,6.19E-03,1.82E-05,85.066718,-8.06E-06,-9.38E-09,0.088802517
48,9.3,2472,383,449,173,78,700,67,10,2.6,8.5,73,4.8,18,10.5,37,2.7,77,6.41E-03,1.91E-05,88.6784,-7.96E-06,-9.38E-09,0.078389559
41,6.9,2413,432,419,193,81,803,72,13,2.4,6.9,75,4.6,17,8.1,31,3.2,61,6.59E-03,1.93E-05,93.841236,-7.28E-06,-9.02E-09,0.050323207
42,6.7,2143,428,436,183,72,714,70,13,2.6,6.6,70,3.8,18,9.6,28,3.6,59,6.35E-03,1.83E-05,90.246962,-7.33E-06,-9.25E-09,0.031878178
44,9.9,2668,428,396,193,66,717,75,13,2.2,8.4,62,4.6,18,11.5,33,3.3,67,0.006604754,1.93E-05,95.596834,-7.60E-06,-9.30E-09,0.058837394
38,6.7,2535,316,489,158,76,723,63,10,2.4,6.8,78,4.6,18,8,40,3.1,76,0.006227943,1.87E-05,83.402115,-8.04E-06,-9.58E-09,0.092915966
49,7.4,2136,434,396,181,80,575,61,14,2.1,7.7,71,4.1,20,11.5,35,3.4,66,6.38E-03,1.85E-05,9.08E+01,-7.54E-06,-9.25E-09,0.071070369
38,6.7,2542,438,590,143,55,581,61,10,2.2,7.1,75,4.5,23,9.7,35,2.5,79,0.006291096,1.85E-05,89.051118,-7.55E-06,-9.13E-09,0.071294833
54,9.8,2244,340,537,143,76,753,69,13,2,8.1,60,4.2,18,9.9,42,3.4,66,6.16E-03,1.85E-05,82.529749,-7.45E-06,-9.08E-09,0.112467
40,9.2,2684,422,537,151,77,768,55,14,2.1,8.2,66,3.7,21,11.2,29,3.4,55,0.006181683,1.82E-05,86.953246,-6.96E-06,-8.79E-09,0.043765733
40,7.2,2202,382,443,149,71,736,67,13,2,8.7,76,4.1,19,11.3,30,3,65,0.006159466,1.82E-05,84.168882,-7.42E-06,-9.07E-09,0.044389133
46,8,2498,410,527,205,72,552,68,12,1.9,7,71,4.6,21,10.9,36,3,74,0.006590451,1.95E-05,96.160273,-7.90E-06,-9.43E-09,0.072928861
37,9.9,2687,378,418,187,75,816,54,14,2.2,8.9,76,4.8,21,10.5,29,3.6,55,0.006604946,1.94E-05,95.719435,-7.04E-06,-8.95E-09,0.041869893
41,8.5,1951,434,459,205,75,734,70,10,2.4,6.7,72,3.6,16,8.6,39,2.5,61,0.00638858,1.83E-05,91.993115,-6.88E-06,-8.26E-09,0.10419188
54,7.3,2315,396,554,208,59,720,54,13,2.4,6.7,63,4.8,24,8.3,28,2.7,68,0.006626824,1.97E-05,97.77902,-7.59E-06,-9.17E-09,0.03001928
43,9.5,2164,374,436,179,57,772,56,10,2.4,7.1,65,4.5,18,11.4,40,2.7,73,0.006311713,1.87E-05,86.837785,-7.85E-06,-9.39E-09,0.027789912
51,6.7,2325,309,557,166,66,640,63,12,2.6,7.8,62,4.1,22,11,42,3,67,0.00622723,1.85E-05,87.517966,-7.59E-06,-9.25E-09,0.030399945
52,9.7,2384,330,580,169,79,771,51,14,2.6,8.6,77,4.7,16,11.7,31,2.6,71,6.44E-03,1.94E-05,87.832368,-7.63E-06,-9.09E-09,0.048563618
52,9.2,1936,397,563,194,63,582,62,11,2.3,9,69,4.3,20,11.4,33,3,56,6.40E-03,1.90E-05,92.001206,-6.80E-06,-8.43E-09,0.070190883
38,9.4,2247,397,445,188,56,806,65,10,2.5,6.5,84,4.2,21,9.6,36,3.6,66,0.006371548,1.87E-05,91.507303,-7.63E-06,-9.42E-09,7.45E-02
39,8.7,2254,395,425,154,75,645,61,10,2.6,6.5,83,4.5,22,8.8,42,2.8,81,0.006186729,1.85E-05,84.121346,-8.20E-06,-9.58E-09,0.10351862
45,9.7,2401,358,404,206,65,688,60,14,2.7,6.6,70,3.4,24,8.6,31,3.4,55,6.48E-03,1.83E-05,98.650357,-6.97E-06,-8.79E-09,0.054230862
37,6.8,1895,450,481,171,63,690,61,11,1.9,7,84,3.7,19,7.9,42,3.5,69,6.13E-03,1.80E-05,85.267232,-7.71E-06,-9.39E-09,0.10794972
51,8.1,1991,333,558,177,72,673,59,13,2.2,6.1,79,4.4,21,10.8,40,3.3,77,6.35E-03,1.90E-05,88.48764,-8.13E-06,-9.71E-09,0.092405427
37,7.1,2626,410,522,183,61,577,53,11,2.6,6.3,72,4.6,23,8.9,29,3.2,58,0.006385642,1.91E-05,90.822582,-7.11E-06,-8.88E-09,0.041233847
45,8.6,2334,462,524,171,55,743,53,11,2.6,7.8,59,3.5,23,9.2,36,2.5,63,6.15E-03,1.79E-05,88.930069,-7.05E-06,-8.45E-09,0.084715795
54,6.7,2323,382,540,157,60,670,75,10,2.6,6.2,68,3.9,22,11.5,38,3.1,63,6.11E-03,1.82E-05,84.891287,-7.19E-06,-8.76E-09,0.093944174
53,6.7,2483,362,411,183,79,690,59,14,2.5,7.8,66,4.1,20,11.4,34,3.4,71,6.43E-03,1.86E-05,92.310956,-7.88E-06,-9.59E-09,0.060747229
50,7.3,2193,337,507,209,80,764,61,11,1.9,6.4,69,4.1,18,10.6,40,3.4,58,6.49E-03,1.89E-05,93.516351,-6.97E-06,-8.64E-09,0.10751448
40,7.9,2713,447,483,156,77,720,71,10,2.6,7.4,70,3.7,23,8.6,32,3.6,75,6.15E-03,1.80E-05,87.712191,-8.28E-06,-1.01E-08,0.042037549
43,9.8,2686,341,554,142,55,770,55,14,2.1,7.1,61,4.7,23,10.3,35,3.2,75,6.23E-03,1.90E-05,84.892143,-8.06E-06,-9.68E-09,0.064197384
44,7.1,2708,378,407,193,70,801,65,10,2.5,6.6,68,4.1,22,11.6,38,3.3,56,6.42E-03,1.86E-05,94.009446,-6.82E-06,-8.48E-09,0.098437585
51,8.3,2608,358,544,188,68,580,74,10,1.9,7.2,71,3.7,16,10.4,36,2.9,70,6.30E-03,1.84E-05,89.021086,-7.62E-06,-9.13E-09,0.076696668
40,7.7,2381,461,419,206,57,652,73,12,2.7,8.4,83,3.5,24,9.4,36,3.3,71,6.46E-03,1.83E-05,99.632248,-7.84E-06,-9.51E-09,0.072319234
40,9.9,2466,325,524,144,55,805,74,12,2.4,6.9,82,3.8,17,10.5,33,3.6,64,6.10E-03,1.81E-05,82.074434,-7.54E-06,-9.37E-09,0.058545679
38,7.5,2295,333,485,194,62,628,60,12,2,6.4,79,4.1,20,10.2,35,2.8,76,6.39E-03,1.87E-05,91.306823,-7.98E-06,-9.46E-09,0.066195242
41,7.2,2500,414,401,196,64,723,55,14,2.1,7.2,64,3.3,17,10.7,39,2.8,57,6.35E-03,1.80E-05,92.540796,-6.70E-06,-8.17E-09,0.1067113
49,7.5,2073,355,582,174,77,745,75,13,2.5,7.9,77,4.1,19,10.4,36,2.8,69,6.36E-03,1.88E-05,89.926187,-7.52E-06,-9.00E-09,0.078262134
49,8.9,1937,376,452,144,64,679,67,13,2,6.3,64,4.4,23,11.4,30,2.6,67,6.14E-03,1.84E-05,82.829248,-7.40E-06,-8.89E-09,0.045674072
45,7.6,2292,414,434,143,80,795,54,14,2.7,8.1,68,4.7,23,10.6,29,3.6,79,6.26E-03,1.88E-05,85.77089,-8.55E-06,-1.04E-08,0.021771452
54,9.6,2205,402,577,154,70,757,58,10,2.3,6.3,65,4.6,16,10.6,34,2.9,80,6.18E-03,1.88E-05,80.572883,-8.28E-06,-9.79E-09,0.056304717
41,7.7,2144,380,486,179,64,664,72,12,2.6,7.3,70,3.9,23,7.9,39,2.5,66,6.31E-03,1.84E-05,91.543527,-7.21E-06,-8.58E-09,0.099546379
45,7.3,2303,389,418,144,55,627,75,13,2,7.1,69,3.6,20,9.8,32,3.5,71,6.03E-03,1.76E-05,82.555577,-7.97E-06,-9.76E-09,0.046886257
54,9.7,1915,437,575,180,55,632,75,12,2,6.7,85,4.3,18,11.4,37,2.6,71,6.35E-03,1.90E-05,88.577776,-7.53E-06,-8.92E-09,0.084727688
49,9.8,1979,365,492,146,63,679,59,10,2.6,6.9,59,3.2,22,10.7,35,2.9,75,5.89E-03,1.72E-05,80.766689,-7.94E-06,-9.45E-09,0.066627857
39,9,2655,385,490,193,73,796,65,10,2.6,8.9,85,4.1,20,8.2,33,3.2,79,6.45E-03,1.88E-05,94.805231,-8.38E-06,-1.00E-08,0.047383544
42,9.4,2331,384,480,147,66,552,55,11,2.6,6.9,59,3.2,23,8.7,28,3.1,64,5.93E-03,1.73E-05,82.259458,-7.47E-06,-9.21E-09,0.030732421
43,8,1876,442,408,148,72,695,58,14,2.7,6.6,65,3.8,19,10.9,33,3.3,64,6.10E-03,1.79E-05,82.338182,-7.42E-06,-9.14E-09,0.060976152
42,8.9,2711,320,503,197,62,672,68,13,2.2,6.4,70,3.8,20,8.6,41,3.5,76,6.46E-03,1.87E-05,94.687493,-8.16E-06,-9.82E-09,0.096455072
49,8.9,2289,357,422,169,76,710,60,10,2.7,8.3,77,4.1,24,10.3,42,2.5,59,6.25E-03,1.83E-05,89.481966,-6.68E-06,-8.00E-09,0.12513036
44,9.8,2051,368,527,157,64,643,68,10,2.5,6.9,62,3.8,20,9.7,33,2.6,61,6.08E-03,1.80E-05,83.084547,-7.00E-06,-8.49E-09,0.067811086
39,9.7,2197,332,425,208,73,726,72,11,2,8.9,81,4.7,23,11,37,3,72,6.63E-03,1.94E-05,98.744017,-7.75E-06,-9.28E-09,0.080731749
42,9,2298,351,398,189,79,607,75,11,2.3,6.2,76,3.5,19,9.9,42,2.6,60,6.32E-03,1.80E-05,90.867849,-6.78E-06,-8.14E-09,0.12331056
53,8.3,2011,323,561,176,66,595,70,14,2.4,8.8,74,4.1,22,8.5,35,3.3,56,6.36E-03,1.88E-05,91.386973,-6.93E-06,-8.66E-09,0.078289122
38,9.9,1959,339,568,146,71,705,58,14,2.6,7.2,80,3.7,21,9.1,41,2.9,77,6.10E-03,1.81E-05,83.404323,-8.00E-06,-9.43E-09,0.10028519
48,9.6,2369,427,418,196,72,661,55,11,2.2,7.9,86,3.8,22,10.9,42,2.7,78,6.39E-03,1.84E-05,94.279104,-7.94E-06,-9.27E-09,0.10809948
40,7.4,1924,369,501,151,76,574,58,14,2.5,6.3,73,3.5,16,9.3,39,2.6,63,6.05E-03,1.77E-05,80.279829,-7.03E-06,-8.43E-09,0.1022314
39,8.6,2742,428,438,156,55,595,75,10,2.1,6.9,82,3.7,24,8.4,40,3,62,6.10E-03,1.78E-05,87.140871,-7.12E-06,-8.65E-09,0.10565686
53,8.4,2122,413,559,187,75,602,58,10,2.3,8.5,84,3.2,21,10.1,34,3,57,6.19E-03,1.78E-05,90.429752,-6.87E-06,-8.49E-09,0.074583363
53,9.1,2265,351,578,149,61,722,55,13,2.2,8.4,59,3.3,24,9.7,39,2.8,64,6.01E-03,1.77E-05,85.350866,-7.16E-06,-8.63E-09,0.10019489
48,8.2,2257,341,532,193,78,757,55,12,2.1,8,61,4,21,8.9,32,3.2,79,6.40E-03,1.87E-05,92.893649,-8.38E-06,-1.01E-08,0.041769484
49,8.3,2459,315,533,161,74,708,74,13,2.1,6.4,81,3.5,16,8.1,35,2.5,62,6.18E-03,1.80E-05,84.849475,-7.02E-06,-8.46E-09,0.078797336
50,9.6,2686,410,504,205,56,609,56,10,2.2,6.1,82,3.5,16,8.8,38,3.6,75,6.35E-03,1.83E-05,91.510479,-8.18E-06,-9.92E-09,0.078519531
49,9.2,2133,329,466,182,68,740,70,13,1.9,6.6,61,4.6,16,10,36,3,58,6.45E-03,1.91E-05,88.480934,-6.90E-06,-8.49E-09,0.085797969
52,7.2,2195,365,407,183,63,623,62,13,1.9,6.1,71,4.8,16,11.3,30,2.8,75,6.43E-03,1.91E-05,87.326576,-7.98E-06,-9.52E-09,0.037439052
38,9.9,2691,423,430,152,64,728,75,10,2.7,8.6,63,3.3,23,10.2,40,3,79,6.07E-03,1.75E-05,87.639259,-8.16E-06,-9.63E-09,0.092519907
53,7.2,2549,378,584,179,66,663,62,12,2.7,6.3,80,4.3,24,8.8,36,2.6,71,6.38E-03,1.90E-05,92.077887,-7.60E-06,-9.02E-09,0.077015409
45,9,2187,411,569,153,61,600,58,11,2.6,6.3,80,4,22,11.4,36,3.5,60,6.09E-03,1.83E-05,83.363917,-7.19E-06,-8.94E-09,0.081381047
53,9.1,2519,366,576,161,64,776,57,11,2.2,6.6,58,4.1,19,11.4,31,2.6,72,6.18E-03,1.85E-05,84.537372,-7.70E-06,-9.16E-09,0.047532786
45,9.6,2064,460,490,190,77,602,75,12,2.4,6.3,68,3.7,24,10.1,29,3.3,75,6.39E-03,1.84E-05,94.327625,-8.20E-06,-9.95E-09,0.026990021
49,9.5,2706,391,504,185,71,669,65,14,2.1,7.6,75,3.2,24,8.6,32,3.3,79,6.34E-03,1.81E-05,95.6459,-8.43E-06,-1.01E-08,0.040853356
53,8.5,2337,452,483,177,71,743,59,10,2,7,84,4,16,8.3,42,3.2,75,6.25E-03,1.84E-05,86.328643,-7.98E-06,-9.52E-09,0.10533969
50,8.6,2687,452,546,142,60,685,75,11,2.4,7.8,76,4.3,22,10,32,3.5,77,6.15E-03,1.85E-05,85.014868,-8.35E-06,-1.01E-08,0.041972916
45,9,1978,395,563,188,68,766,61,12,2.4,6.2,84,4.4,18,10.5,30,3,72,6.43E-03,1.91E-05,89.880813,-7.88E-06,-9.51E-09,0.037999883
46,8.8,2208,374,402,175,79,810,62,12,2.4,7.2,76,3.5,19,8.3,31,3.2,72,6.24E-03,1.79E-05,88.747338,-7.97E-06,-9.68E-09,0.041209444
44,9.2,2555,410,411,205,68,635,62,11,2.1,7,85,3.8,19,10.2,41,2.6,67,6.45E-03,1.85E-05,94.761468,-7.24E-06,-8.59E-09,0.11156158
45,7,2317,335,544,203,55,808,65,14,2.3,7.5,82,3.2,19,8.9,39,3.6,70,6.40E-03,1.82E-05,95.654349,-7.85E-06,-9.59E-09,0.088842671
39,7.3,2131,403,550,192,66,659,68,13,2.3,8.3,82,3.9,22,8.9,38,2.8,70,6.42E-03,1.87E-05,94.668668,-7.57E-06,-9.04E-09,0.088586585
48,9.7,2320,449,582,193,59,628,63,10,2,8.8,59,3.5,21,10.7,37,2.5,74,6.27E-03,1.83E-05,92.570409,-7.70E-06,-9.05E-09,0.082487739
39,8.3,2075,320,580,179,63,672,72,14,2.3,8.7,75,3.3,23,11.2,32,2.8,55,6.27E-03,1.82E-05,92.746142,-6.69E-06,-8.26E-09,0.066295429
39,7.3,2635,460,463,179,66,662,62,13,2.6,6.5,74,4.4,24,11.1,41,2.9,57,6.43E-03,1.89E-05,93.438796,-6.70E-06,-8.18E-09,0.11835852
47,9.5,2500,419,558,170,55,750,60,10,2.1,8.6,77,4.4,16,10.5,39,3.5,80,6.27E-03,1.88E-05,86.030727,-8.41E-06,-1.01E-08,0.082184528
42,8,2373,444,493,203,56,763,53,13,2,7.4,73,4.6,16,10.1,41,3,64,6.56E-03,1.94E-05,93.341437,-7.20E-06,-8.70E-09,0.11111673
54,8.1,2461,381,504,203,65,767,72,12,2.7,7.9,67,3.9,19,9.4,32,3.2,75,6.51E-03,1.88E-05,96.415224,-8.12E-06,-9.80E-09,0.045447734
43,9.3,2512,329,516,174,60,592,60,14,2,7.7,80,4.4,21,9.1,42,2.8,73,6.39E-03,1.90E-05,90.314662,-7.69E-06,-9.09E-09,0.11043004
50,8.8,1970,353,481,147,55,707,71,12,2.1,7.5,76,4.2,18,8.8,38,2.9,67,6.11E-03,1.83E-05,81.364726,-7.42E-06,-8.93E-09,0.090317875
44,9.3,2734,429,465,187,55,563,75,10,2,8.6,70,4.2,23,9.3,28,3.5,74,6.39E-03,1.87E-05,94.105146,-8.24E-06,-1.01E-08,0.019811547
48,9.5,1867,316,421,162,55,742,64,12,2.5,8.2,77,3.8,24,8.1,41,3.1,64,6.15E-03,1.80E-05,87.5704,-7.27E-06,-8.82E-09,0.1091197
54,9.2,2315,317,542,148,78,583,59,12,1.9,7.4,82,4.6,24,11.3,32,3.2,73,6.20E-03,1.88E-05,84.453805,-7.97E-06,-9.63E-09,0.048335968
48,9.4,2268,333,439,141,81,634,64,10,2.6,9,81,3.7,21,9.2,35,3.4,70,6.00E-03,1.76E-05,82.008195,-7.83E-06,-9.56E-09,0.066247636
40,9.1,2454,324,519,175,75,756,68,13,2,7.2,66,3.8,22,8.9,28,3,57,6.33E-03,1.84E-05,91.174488,-6.99E-06,-8.71E-09,0.037465558
44,9.8,1910,346,581,205,70,778,64,11,2.5,7.8,61,4.6,24,11.2,36,3.5,77,6.57E-03,1.95E-05,96.873654,-8.26E-06,-9.97E-09,0.066972449
54,9.5,2533,358,488,190,58,745,58,12,2.1,8.8,61,4.7,22,8.5,29,2.7,61,6.50E-03,1.93E-05,94.309586,-7.13E-06,-8.72E-09,0.042086171
48,6.7,2388,351,558,145,64,709,63,11,2.2,8,75,3.7,18,9.4,33,3.1,76,6.00E-03,1.79E-05,80.808574,-8.13E-06,-9.76E-09,0.051392167
49,6.9,2057,429,450,189,69,607,51,14,2.3,8,68,3.8,20,11.3,29,2.9,59,6.35E-03,1.84E-05,91.457225,-7.02E-06,-8.66E-09,0.044095884
42,9.1,1959,455,503,164,75,648,51,12,2,7.3,82,3.2,16,10.2,39,2.8,71,6.05E-03,1.75E-05,82.663566,-7.59E-06,-9.03E-09,0.094632209
52,6.8,1890,309,458,158,65,659,73,11,2.4,8.4,63,3.2,23,10.9,30,2.7,55,6.00E-03,1.74E-05,85.298213,-6.69E-06,-8.26E-09,0.054711791
53,8.3,2558,442,442,195,74,783,62,10,2.5,8.9,85,4.4,20,9.8,42,2.5,64,6.50E-03,1.90E-05,95.002913,-7.00E-06,-8.31E-09,0.12061202
37,8.6,2467,363,544,195,72,679,62,10,2.4,7.8,58,3.2,16,10.6,37,2.6,58,6.26E-03,1.80E-05,90.183708,-6.73E-06,-8.16E-09,0.095140125
52,9,2245,382,560,141,65,692,62,14,2.7,7.4,76,3.8,23,10.3,32,3.3,61,6.10E-03,1.82E-05,84.532995,-7.26E-06,-9.01E-09,0.057055775
45,8.7,2060,446,534,168,56,705,66,13,2.5,7.7,81,3.9,19,8.2,31,3.1,81,6.25E-03,1.84E-05,87.757999,-8.50E-06,-1.02E-08,0.034310484
44,9,2547,437,472,202,70,794,62,12,2,7.7,73,3.2,21,9.8,34,3.6,81,6.39E-03,1.81E-05,96.527555,-8.61E-06,-1.04E-08,0.049878305
49,9.1,1959,322,533,159,63,592,60,11,2.3,8.1,81,3.6,24,9.5,39,3.2,67,6.06E-03,1.79E-05,85.44412,-7.50E-06,-9.10E-09,0.094645944
37,7.2,2344,316,506,184,55,590,67,10,2.3,8.6,81,3.3,21,10,31,3.5,77,6.16E-03,1.78E-05,89.8993,-8.37E-06,-1.02E-08,0.035913779
53,8.9,2601,461,547,166,55,558,72,14,2.7,6.4,73,4.1,24,8.3,34,3.3,75,6.34E-03,1.88E-05,91.358862,-8.15E-06,-9.84E-09,0.056141218
42,9.3,2572,377,425,141,69,674,51,10,2.3,8.7,72,4.8,16,8.1,29,2.7,63,6.13E-03,1.86E-05,79.164356,-7.26E-06,-8.85E-09,0.040151673
41,6.9,2394,387,552,176,73,748,64,14,2.7,8.9,59,3.7,22,8,35,3.2,74,6.34E-03,1.85E-05,92.873922,-8.03E-06,-9.69E-09,0.063575073
50,9.5,2293,404,469,157,81,575,58,14,2.5,7.4,85,4.6,22,9.6,35,2.5,77,6.34E-03,1.89E-05,87.557493,-7.94E-06,-9.32E-09,0.067149807
38,7.1,2621,333,436,162,75,823,67,12,2.3,6.4,84,3.7,19,9.1,40,3.3,60,6.20E-03,1.80E-05,86.649206,-7.09E-06,-8.73E-09,0.10560596
42,9.5,2353,374,445,167,75,651,55,12,2.5,8.6,69,4.5,21,9.8,37,3.4,75,6.33E-03,1.88E-05,88.373398,-8.11E-06,-9.78E-09,0.074546982
39,7.8,2251,366,467,204,75,565,72,14,2.4,7.2,67,3.8,18,10.3,41,3.6,65,6.52E-03,1.87E-05,95.294649,-7.47E-06,-9.18E-09,0.10605152
40,8.3,2727,388,436,162,57,618,53,11,2.7,8.3,67,4.8,20,11,28,3.3,68,6.29E-03,1.89E-05,86.383644,-7.76E-06,-9.53E-09,0.027383717
46,7.3,2169,452,494,149,74,806,67,10,2.1,7.4,80,4.2,23,10.9,35,2.7,65,6.12E-03,1.83E-05,84.580005,-7.24E-06,-8.70E-09,0.076606628
53,8.9,1851,340,565,157,77,603,59,14,1.9,6.4,65,4.5,16,8.8,38,2.5,64,6.24E-03,1.89E-05,81.507958,-7.09E-06,-8.46E-09,0.095739653
41,9.5,2705,341,443,156,73,561,66,12,2.3,8.4,77,4.4,20,11,40,3.1,60,6.27E-03,1.86E-05,86.533168,-6.98E-06,-8.53E-09,0.10826479
48,9.6,2634,409,487,199,79,763,60,14,2.3,8.7,67,4,23,9.9,32,3.4,59,6.58E-03,1.90E-05,99.252266,-7.18E-06,-8.97E-09,0.057756232
52,7.8,1901,342,554,161,72,594,64,11,2.6,8.6,76,3.8,21,9.2,42,3,66,6.12E-03,1.81E-05,85.13264,-7.32E-06,-8.81E-09,0.11492345
54,7.9,1957,365,483,206,69,663,73,13,1.9,9,81,3.2,19,10.8,34,3.2,67,6.39E-03,1.81E-05,95.820703,-7.56E-06,-9.22E-09,0.065176834
38,7,1976,341,412,145,74,676,73,10,2,9,85,3.9,21,9.5,30,3.1,73,6.02E-03,1.78E-05,82.11346,-7.99E-06,-9.67E-09,0.035798594
50,9.8,1878,336,474,195,63,613,62,11,2,6.9,65,4.4,16,8.7,28,3.5,64,6.40E-03,1.89E-05,88.333022,-7.62E-06,-9.50E-09,0.027830896
47,8.1,2087,420,476,147,68,794,74,10,2.7,8,82,4.7,19,9.1,41,2.5,65,6.20E-03,1.87E-05,83.229804,-7.09E-06,-8.42E-09,0.11326772
53,7.5,2316,404,497,209,59,765,71,13,2.5,8.7,75,4.2,22,10.5,31,2.9,73,6.61E-03,1.92E-05,99.832147,-7.89E-06,-9.47E-09,0.043944317
41,7.9,2549,426,504,198,62,608,61,11,2.2,7.9,84,4.3,19,9.1,30,2.8,61,6.46E-03,1.90E-05,93.476243,-7.13E-06,-8.74E-09,0.04780142
52,8.5,2309,454,533,147,78,658,75,12,2.2,6.6,76,4.2,17,9.2,30,2.8,58,6.18E-03,1.85E-05,82.430798,-6.94E-06,-8.56E-09,0.050385255
38,8.1,2431,366,585,193,62,812,52,14,2.7,7.9,65,3.6,18,11.1,40,2.7,57,6.40E-03,1.86E-05,93.225195,-6.64E-06,-8.06E-09,0.11375015
51,7.4,2048,394,481,177,66,573,62,10,2.3,7.2,68,4,24,9.8,40,3.6,71,6.21E-03,1.83E-05,88.686911,-7.88E-06,-9.59E-09,0.094633965
51,9.3,2395,372,402,208,66,598,52,11,2.3,7.6,64,3.4,16,10,34,3.4,81,6.36E-03,1.80E-05,92.178236,-8.53E-06,-1.02E-08,0.051456232
40,8.5,2312,393,483,183,56,667,57,10,1.9,8,79,4,20,8.2,29,3.4,61,6.36E-03,1.80E-05,92.178236,-8.53E-06,-1.02E-08,0.051456232
50,7.8,2530,352,453,159,79,778,53,14,2.2,7.6,85,3.6,21,8.1,34,2.6,58,6.20E-03,1.80E-05,87.551539,-6.82E-06,-8.32E-09,0.075373156
44,6.8,2352,323,398,148,65,814,61,12,2,8.8,58,4.1,16,10.9,36,2.6,62,6.10E-03,1.80E-05,81.361662,-6.99E-06,-8.42E-09,0.085911399
39,7.5,2040,369,518,178,63,820,51,14,2.4,8.5,71,3.4,16,9.1,28,3.5,76,6.23E-03,1.80E-05,87.773681,-8.37E-06,-1.02E-08,0.018004214
40,9.4,1927,376,464,156,77,650,65,13,2.6,7.8,67,4.1,17,8.9,30,3.5,72,6.21E-03,1.84E-05,83.59372,-8.09E-06,-9.91E-09,0.033355659
44,8,2161,334,539,163,72,603,71,14,2.5,7.4,58,4.2,20,9.1,31,3.4,75,6.29E-03,1.87E-05,87.243143,-8.22E-06,-9.98E-09,0.037747088
52,7.4,1849,415,573,144,68,627,63,14,2.7,6.2,63,4.1,20,10.7,29,3,63,6.11E-03,1.84E-05,81.508183,-7.32E-06,-8.99E-09,0.039628671
38,7,2172,329,580,178,73,564,67,11,2.5,7.9,78,3.7,23,10.5,28,3.2,80,6.23E-03,1.83E-05,89.939048,-8.49E-06,-1.02E-08,0.017710174
50,7,2173,425,453,206,56,624,65,12,2.7,8.1,63,3.7,23,9.2,34,3.1,80,6.43E-03,1.85E-05,97.010834,-8.37E-06,-9.97E-09,0.053963801
52,8.5,2139,313,399,161,75,772,60,14,2.7,7.3,62,4.8,24,9.1,29,2.6,79,6.38E-03,1.90E-05,89.105458,-8.21E-06,-9.71E-09,0.028071529
37,9.4,2036,339,519,154,72,592,65,11,2.7,8.4,78,3.5,18,8.5,42,2.6,67,6.05E-03,1.78E-05,82.619986,-7.25E-06,-8.60E-09,0.11653982
48,7.8,2237,408,546,202,77,750,53,14,2.3,8.5,61,3.2,18,11.2,39,3.6,72,6.39E-03,1.82E-05,94.759406,-7.93E-06,-9.64E-09,0.088624898
45,9.3,2459,397,559,184,64,571,58,10,2.5,8.4,77,4.8,19,11.1,29,2.6,75,6.42E-03,1.93E-05,89.868301,-7.93E-06,-9.41E-09,0.032703514
42,6.8,2640,326,477,169,81,724,66,12,2.5,6.2,73,3.5,19,9.9,29,2.9,74,6.21E-03,1.79E-05,87.468192,-7.99E-06,-9.60E-09,0.030604466
48,8.7,2244,356,506,194,72,697,65,10,2.5,6.8,59,3.4,24,9.1,33,3.6,55,6.29E-03,1.81E-05,93.400699,-7.00E-06,-8.86E-09,0.065216284
54,8.6,2102,415,420,173,55,651,51,11,2.6,8.6,61,3.4,18,10.7,31,3.3,81,6.10E-03,1.76E-05,85.658021,-8.53E-06,-1.02E-08,0.034449282
40,9.1,1923,345,396,179,62,636,74,11,2.1,9,84,4.2,24,11.6,35,3.4,55,6.32E-03,1.85E-05,91.728356,-6.85E-06,-8.59E-09,0.080374879
53,8.5,1946,405,520,165,73,816,66,13,1.9,8,66,4,18,8.2,40,3.3,78,6.25E-03,1.85E-05,86.45669,-8.24E-06,-9.84E-09,0.0899122
45,8,2660,417,495,173,57,709,74,12,2.5,7.2,75,4.7,24,10.6,30,2.9,61,6.44E-03,1.92E-05,92.839341,-7.15E-06,-8.77E-09,0.048029775
38,9,2504,326,565,161,67,610,56,12,2.3,7.5,82,3.5,19,10,30,2.6,75,6.11E-03,1.79E-05,84.801944,-7.93E-06,-9.41E-09,0.038063244
52,7.4,2516,390,515,204,74,762,63,11,2.6,8.4,80,3.4,17,10.3,28,3.6,72,6.41E-03,1.83E-05,94.685412,-8.13E-06,-1.00E-08,0.021402159
50,9.1,2584,402,439,158,77,640,75,10,2,7.5,62,3.6,22,10.2,41,2.9,67,6.12E-03,1.78E-05,86.66379,-7.35E-06,-8.80E-09,0.10938544
46,8.9,2252,416,485,191,69,612,63,12,2.1,6.1,61,4.3,22,10,36,3.1,78,6.43E-03,1.89E-05,92.342561,-8.20E-06,-9.77E-09,0.068270901
45,7.7,2152,458,588,145,65,620,64,12,2.5,7.6,76,4.7,24,8.8,42,3.2,65,6.19E-03,1.89E-05,84.82497,-7.34E-06,-8.91E-09,0.11405844
50,7.5,2597,424,447,175,69,598,51,10,2,8.3,66,4,22,8.9,41,3.3,58,6.21E-03,1.82E-05,88.581039,-6.95E-06,-8.58E-09,0.1132181
51,6.7,2502,341,454,146,59,567,53,14,2.6,6.6,61,3.7,18,9.2,41,2.8,58,6.05E-03,1.78E-05,80.932371,-6.76E-06,-8.22E-09,0.11703575
38,6.9,2677,440,559,175,75,705,66,14,2.3,8.7,74,3.3,19,10.1,30,3.5,70,6.29E-03,1.81E-05,91.787811,-7.94E-06,-9.76E-09,0.035798816
38,8.2,2008,406,498,201,58,591,59,11,2.4,6.4,86,4.7,24,8.9,38,3.2,62,6.50E-03,1.93E-05,94.358117,-7.21E-06,-8.85E-09,0.092405735
41,9.9,2029,326,483,184,71,806,53,14,2.6,6.7,75,4.4,16,10.4,35,2.7,60,6.45E-03,1.90E-05,89.049484,-6.93E-06,-8.42E-09,0.080489138
44,7.6,1843,409,515,205,81,656,59,10,2.6,8,78,3.8,23,8.9,42,2.8,72,6.40E-03,1.85E-05,95.019682,-7.63E-06,-9.04E-09,0.11114296
47,8.9,2697,462,462,187,68,611,68,12,2,7.5,74,4.5,16,9.6,37,3.5,81,6.48E-03,1.91E-05,91.197558,-8.52E-06,-1.02E-08,0.068653929
43,9.7,2088,312,536,163,76,588,70,14,1.9,7.7,62,3.7,18,10,28,3.5,55,6.21E-03,1.82E-05,85.651885,-7.03E-06,-8.92E-09,0.036218226
46,7,2266,445,407,150,68,590,57,14,2.2,7.4,61,3.8,19,9.7,36,2.9,65,6.10E-03,1.79E-05,83.083553,-7.31E-06,-8.85E-09,0.080452013
49,9.8,2121,333,581,184,76,729,57,14,2.6,7.7,85,3.9,20,9.4,33,2.6,58,6.41E-03,1.88E-05,92.038582,-6.82E-06,-8.31E-09,0.070140591
37,9.7,2339,333,573,161,75,738,69,12,2.4,8.9,82,4.6,24,8.8,35,3.2,59,6.35E-03,1.91E-05,90.259457,-7.08E-06,-8.76E-09,0.076684997
38,7.5,2095,438,431,144,68,733,73,10,2,7.7,58,4.2,22,8.4,38,2.6,60,6.06E-03,1.81E-05,82.554907,-6.88E-06,-8.31E-09,0.098120279
39,9.1,2168,412,576,172,66,823,59,11,2.1,6.2,79,4.8,19,11.4,30,2.9,72,6.36E-03,1.93E-05,86.852461,-7.82E-06,-9.41E-09,0.039297506
54,8.8,2017,367,577,206,74,767,64,10,2.2,8.3,58,4.1,23,9.5,33,2.9,72,6.47E-03,1.90E-05,96.063218,-7.81E-06,-9.37E-09,0.056266849
42,6.8,2426,329,553,157,57,600,75,11,2.7,8.6,86,4.6,20,10.8,40,3.6,62,6.25E-03,1.89E-05,86.049263,-7.29E-06,-9.02E-09,0.10283055
50,6.7,2029,450,546,191,65,744,55,13,2.1,9,82,3.8,21,11.5,28,2.9,70,6.36E-03,1.86E-05,93.275296,-7.73E-06,-9.35E-09,0.028922985
46,7,2065,397,553,179,77,805,53,11,2.7,8.1,63,4,20,9.9,41,2.5,65,6.28E-03,1.85E-05,88.99219,-7.08E-06,-8.40E-09,0.11377638
54,8.2,1834,442,464,146,58,752,67,11,2,7.7,78,3.5,20,9.7,30,3,72,5.96E-03,1.75E-05,81.32371,-7.89E-06,-9.53E-09,0.037491224
40,9.9,1884,445,558,201,75,791,67,10,2.5,7.3,84,3.5,20,10.1,41,2.7,72,0.006370272,1.84E-05,93.904197,-7.59E-06,-8.96E-09,0.1065722
50,9.5,1946,460,535,208,60,674,56,10,2,7.2,66,3.9,24,8,28,2.5,78,0.006397319,1.87E-05,9.53E+01,-8.15E-06,-9.64E-09,0.022878452
40,9.8,2067,390,439,159,80,780,51,14,2.4,6.1,83,4.2,20,9.4,32,2.9,57,0.006269476,1.85E-05,85.619512,-6.88E-06,-8.50E-09,0.062745396
44,8.6,2179,442,466,147,72,812,68,10,1.9,7.5,61,3.3,22,11.3,29,2.9,73,0.005962238,1.74E-05,8.31E+01,-7.91E-06,-9.51E-09,0.032334704
41,8.4,1831,391,581,210,68,814,61,13,1.9,7.5,78,4,20,8.9,30,2.6,69,0.006523032,1.90E-05,96.126373,-7.57E-06,-9.08E-09,0.042404343
49,7.6,2681,340,481,199,57,566,57,10,2.6,6.9,63,3.4,23,9.5,36,3.2,71,6.28E-03,1.80E-05,93.519795,-7.80E-06,-9.43E-09,0.073108198
47,7.6,1903,312,422,153,78,652,61,10,1.9,7.6,70,4.6,20,8.7,37,3.4,64,0.006132642,1.84E-05,81.243199,-7.43E-06,-9.15E-09,0.083088503
37,8,1942,379,423,191,69,594,66,11,2,7.3,86,3.7,23,7.9,39,3.2,58,6.29E-03,1.81E-05,9.20E+01,-6.96E-06,-8.60E-09,0.10118938
47,8.8,2011,429,429,166,77,619,73,12,2.1,6.1,84,4.4,18,9.9,39,3.5,80,0.006300825,1.86E-05,8.56E+01,-8.42E-06,-1.01E-08,0.081803033
45,7.3,2339,328,412,178,60,692,70,10,2.1,8,83,4.8,22,8.7,31,2.5,75,0.006376908,1.90E-05,90.079825,-7.90E-06,-9.35E-09,4.40E-02
40,9.8,1941,447,497,150,81,687,58,13,2.3,8,83,4.8,23,8.2,42,2.7,58,0.006287459,1.90E-05,86.070019,-6.72E-06,-8.14E-09,1.23E-01
54,8.1,2147,382,508,179,78,572,53,13,1.9,8.5,73,4.7,17,8.5,42,3.6,64,6.41E-03,1.92E-05,87.910286,-7.42E-06,-9.14E-09,0.11180626
38,9.5,2203,359,403,152,69,734,55,14,2.5,7.9,76,3.8,16,11.6,37,3,68,0.006153236,1.80E-05,82.942191,-7.49E-06,-9.02E-09,0.08447358
47,9.6,2327,389,419,191,67,821,56,10,2.2,7.8,84,3.7,19,11.2,37,3.1,65,0.006312923,1.82E-05,9.12E+01,-7.34E-06,-8.92E-09,0.086014122
41,7.4,1893,435,440,159,72,782,58,11,2.2,6.7,64,4.3,20,9.7,42,2.9,79,0.006165189,1.83E-05,8.36E+01,-8.09E-06,-9.51E-09,1.05E-01
39,7.4,2712,385,394,149,64,625,68,12,2.2,6.1,84,3.4,23,8.4,29,2.9,63,6.05E-03,1.75E-05,85.040473,-7.33E-06,-8.98E-09,0.038891657
43,9.3,1977,359,491,184,72,717,66,13,2.6,6.3,77,4.4,18,9.5,30,2.8,67,0.006445103,1.90E-05,89.866562,-7.51E-06,-9.09E-09,0.043015244
49,8.5,2426,403,551,191,58,725,73,13,2.1,6.6,83,3.5,23,9.4,35,2.6,72,6.38E-03,1.84E-05,95.233967,-7.67E-06,-9.09E-09,0.070497683
54,8.3,1847,376,515,190,55,753,58,13,2,6.5,67,4.6,20,11,41,3,57,0.006438129,1.92E-05,90.572759,-6.74E-06,-8.25E-09,0.11756956
40,7.9,2430,417,476,148,58,623,57,12,2.4,6.4,66,3.6,17,9.4,32,3.3,56,0.00601139,1.77E-05,80.30382,-6.96E-06,-8.73E-09,6.07E-02
49,9.9,2215,382,506,206,56,775,54,11,2.7,7.9,80,3.8,20,9.6,32,2.9,74,0.006436637,1.86E-05,95.107954,-7.95E-06,-9.52E-09,0.048591127
39,6.9,2149,320,559,141,58,713,63,11,2.3,8.9,61,4.8,20,8.6,40,2.7,80,0.006116493,1.88E-05,80.908126,-8.14E-06,-9.51E-09,0.092838649
37,6.7,2195,379,486,154,58,797,57,14,2.5,6.9,61,3.4,22,11,37,2.6,55,0.006075638,1.77E-05,85.447722,-6.53E-06,-7.97E-09,0.097914707
48,9.7,2225,404,556,163,67,590,53,11,2.4,7.4,65,3.5,21,9,32,3,60,0.006079916,1.79E-05,8.49E+01,-7.11E-06,-8.76E-09,5.92E-02
43,9,2196,425,504,186,80,714,54,10,2.5,8.9,65,3.8,23,10.5,41,3.2,70,0.006297853,1.83E-05,9.23E+01,-7.64E-06,-9.19E-09,1.05E-01
50,9.9,1933,389,509,175,58,659,63,11,2.2,7.8,80,3.4,24,10.1,38,2.9,72,0.006147993,1.79E-05,8.94E+01,-7.71E-06,-9.20E-09,8.69E-02
46,6.9,2645,460,583,165,76,670,57,14,2.6,7.7,75,3.7,17,9.3,28,3.3,57,6.26E-03,1.84E-05,87.547389,-7.09E-06,-8.92E-09,0.035543743
37,9.8,2584,394,582,147,59,655,58,14,2.6,7.4,75,3.6,17,9.1,35,3.6,63,0.006107706,1.81E-05,83.044747,-7.47E-06,-9.28E-09,0.070613882
39,9,2038,443,528,205,66,586,58,12,2.6,8.1,61,3.6,17,11.4,33,3.4,61,6.40E-03,1.85E-05,93.042914,-7.26E-06,-9.02E-09,0.063088936
39,7,2304,456,438,144,71,621,64,13,2.3,6.3,82,3.8,21,10.5,36,2.7,65,6.08E-03,1.79E-05,83.111703,-7.23E-06,-8.68E-09,0.082411435
44,8,2711,426,433,156,57,551,71,13,2.6,9,75,4.8,19,10.1,35,3,56,0.006348193,1.90E-05,87.576196,-6.79E-06,-8.40E-09,0.081482584
45,8.6,2380,438,511,173,63,758,60,12,2.3,7.6,72,4.3,24,9,42,3.5,70,6.34E-03,1.88E-05,91.440073,-7.76E-06,-9.42E-09,0.10780904
47,7,2239,337,520,162,78,797,64,10,2.5,6.3,65,4.7,23,9.3,40,3.5,64,6.27E-03,1.89E-05,86.35291,-7.41E-06,-9.11E-09,0.10092202
43,7.5,2661,338,446,142,59,686,53,11,2.3,7,84,4.1,23,8,41,3.1,76,0.006039453,1.80E-05,82.37099,-8.02E-06,-9.55E-09,9.90E-02
54,7.1,1970,349,497,199,55,624,75,12,2,9,81,3.3,17,7.9,30,2.8,68,0.006305017,1.81E-05,92.230715,-7.60E-06,-9.19E-09,4.12E-02
38,7.1,2027,445,582,196,70,569,70,14,2.3,6.2,81,3.5,24,8,37,3,78,6.40E-03,1.85E-05,95.568696,-8.18E-06,-9.72E-09,0.07378377
39,8.9,2667,391,539,148,80,615,54,10,1.9,6.5,68,4.7,17,10.8,38,3.1,68,0.0061631,1.88E-05,80.043921,-7.52E-06,-9.08E-09,0.089298676
37,9.3,2467,402,588,181,68,781,61,13,2.3,8,77,4,22,11.5,42,2.7,71,6.40E-03,1.88E-05,93.38238,-7.49E-06,-8.83E-09,0.11436157
40,8.2,1961,364,589,184,79,800,58,12,2.4,7.9,73,4.7,18,9.3,31,2.5,70,6.45E-03,1.94E-05,89.756915,-7.57E-06,-9.03E-09,0.048603106
48,7.6,2670,441,580,144,55,731,75,11,2.5,6.3,77,4,19,9.2,42,2.7,72,6.10E-03,1.83E-05,82.893903,-7.59E-06,-8.96E-09,0.11205909
54,9.4,2396,423,444,192,56,595,71,11,2.3,7.4,64,3.8,17,10.4,33,3,78,6.35E-03,1.84E-05,90.901026,-8.21E-06,-9.78E-09,0.051073204
41,7.5,2564,440,588,159,55,663,75,11,2.4,8.6,70,4.6,23,10.1,36,3,77,6.28E-03,1.90E-05,88.931738,-8.10E-06,-9.63E-09,0.069899949
50,8.4,2722,318,508,155,61,575,70,12,1.9,7.8,60,4,20,8.6,35,2.5,74,6.16E-03,1.83E-05,85.098882,-7.77E-06,-9.16E-09,0.069034236
43,8.5,2711,388,454,152,65,678,64,14,2.4,6.6,75,4.7,17,9,28,3.4,62,6.16E-03,1.83E-05,85.098882,-7.77E-06,-9.16E-09,0.069034236
45,9.6,2536,390,502,164,72,698,65,14,2.7,6.8,81,3.6,17,8.2,37,3.3,66,6.26E-03,1.82E-05,87.415048,-7.53E-06,-9.21E-09,0.081815803
50,8.3,1865,412,521,145,61,670,69,13,2.2,8.2,75,4.2,22,8.6,40,3.3,63,6.12E-03,1.84E-05,83.889929,-7.28E-06,-8.92E-09,0.10276779
37,7.2,2247,402,574,159,63,793,63,11,2.4,6.1,62,4.7,21,9.5,33,3,74,6.25E-03,1.90E-05,84.986596,-7.97E-06,-9.56E-09,0.053861299
48,8.1,2007,347,403,151,78,801,75,13,2,9,79,4.7,18,7.9,35,3.6,81,6.29E-03,1.88E-05,85.028971,-8.62E-06,-1.04E-08,0.054729375
54,7.5,1889,373,535,147,73,556,63,14,2.4,6.4,80,4.2,19,7.9,41,3.3,67,6.14E-03,1.84E-05,81.519575,-7.53E-06,-9.15E-09,0.10502152
45,6.9,2205,371,575,204,62,737,68,13,2.4,8.3,84,4,17,9.1,34,3.5,59,6.51E-03,1.90E-05,94.997564,-7.20E-06,-9.00E-09,0.068640464
44,8.1,1845,387,476,165,59,619,75,14,2,7.3,73,3.5,23,11,40,2.9,61,6.17E-03,1.79E-05,88.539502,-6.97E-06,-8.45E-09,0.10887547
39,9.9,1836,382,441,142,64,718,60,11,2.6,8.7,81,4.6,24,10.6,35,3.5,57,6.13E-03,1.85E-05,83.421039,-7.03E-06,-8.81E-09,0.077333505
51,9.6,2137,426,447,203,64,709,56,14,2.7,6.5,86,4.5,24,7.9,32,3.4,56,6.61E-03,1.93E-05,97.955563,-7.03E-06,-8.84E-09,0.059004837
43,7.8,2383,358,432,186,61,731,67,13,2.7,7.7,63,3.6,20,9.4,34,3,81,6.34E-03,1.82E-05,92.547394,-8.40E-06,-9.96E-09,0.053976263
49,7.3,2580,310,526,144,66,644,69,14,2.3,6.8,80,3.8,23,10.6,31,3.2,60,6.12E-03,1.81E-05,85.177967,-7.17E-06,-8.90E-09,0.052752851
37,7.6,1940,334,409,169,72,762,67,14,2.6,7.2,62,4.2,16,9.7,40,3,81,6.32E-03,1.85E-05,86.241901,-8.29E-06,-9.76E-09,0.090521827
52,7.4,1840,395,400,169,69,758,67,14,2.3,9,75,4.5,20,10,41,2.6,75,6.37E-03,1.88E-05,89.402523,-7.74E-06,-9.07E-09,0.10471374
45,9.8,2111,437,471,169,70,617,62,13,2,6.7,80,4.1,18,10.2,32,2.8,55,6.28E-03,1.85E-05,86.403701,-6.70E-06,-8.29E-09,0.065659605
41,7.9,1953,343,583,179,70,724,67,12,2.2,6.2,79,3.8,16,10,34,3.3,69,6.26E-03,1.84E-05,86.263285,-7.74E-06,-9.43E-09,0.062262625
43,9.5,2575,459,553,207,63,704,66,13,2.3,8.9,86,4.6,19,9.4,35,3.2,72,6.68E-03,1.97E-05,98.85692,-7.88E-06,-9.53E-09,0.066145395
40,6.7,2013,368,418,192,79,777,51,11,2.4,8.9,60,4.1,20,11.2,38,2.8,63,6.36E-03,1.85E-05,91.396165,-7.09E-06,-8.56E-09,0.095929571
45,6.8,2396,386,435,174,69,769,67,13,2.3,8.3,75,4.8,19,8,33,3,68,6.45E-03,1.92E-05,90.436504,-7.62E-06,-9.24E-09,0.057948069
41,7.6,2597,315,542,166,66,650,69,14,2.3,7.3,61,3.4,17,9.7,34,2.6,81,6.20E-03,1.80E-05,86.832338,-8.24E-06,-9.66E-09,0.057068535
37,9.3,2544,443,559,190,65,640,51,10,2.5,7.4,85,4,21,11.1,38,2.5,70,6.34E-03,1.87E-05,91.782619,-7.42E-06,-8.76E-09,0.092161542
47,8,2126,437,476,167,59,599,57,14,2.1,8,64,4.3,22,8.4,28,2.5,71,6.28E-03,1.87E-05,88.343286,-7.70E-06,-9.21E-09,0.029013372
41,9.4,1956,324,471,154,70,712,55,13,2.6,7,76,3.3,16,8,34,3.5,74,6.04E-03,1.75E-05,81.133148,-8.16E-06,-9.93E-09,0.055339793
53,7.6,2251,425,496,154,80,720,51,14,2.3,6.9,60,4,24,9.5,35,2.5,80,6.19E-03,1.83E-05,86.704771,-8.13E-06,-9.50E-09,0.064565972
45,8.8,2049,335,453,168,76,591,74,14,2.2,7.7,62,3.8,18,10.5,30,3,74,6.27E-03,1.83E-05,87.228027,-8.00E-06,-9.63E-09,0.036319715
51,9.6,2725,336,560,210,68,688,75,14,2.2,6.9,72,4.2,18,8,32,3.1,79,6.67E-03,1.94E-05,98.495654,-8.36E-06,-1.00E-08,0.041922624
46,7.1,1931,330,589,177,76,662,65,11,2.1,6.8,63,3.8,22,9.5,40,3.2,79,6.21E-03,1.83E-05,87.847706,-8.24E-06,-9.79E-09,0.090624068
42,9.9,2496,318,532,178,56,576,54,11,1.9,8.4,65,4.5,22,8,38,3.1,76,6.32E-03,1.89E-05,89.318282,-8.07E-06,-9.64E-09,0.080797694
43,8.1,2347,420,444,191,57,771,53,10,2.6,6.9,65,3.2,21,8.3,41,3.4,68,6.20E-03,1.77E-05,90.954339,-7.62E-06,-9.28E-09,0.10371038
39,9.4,2462,365,531,178,80,620,75,12,2.6,6.5,58,3.5,22,8.7,33,2.9,62,6.30E-03,1.82E-05,91.455355,-7.19E-06,-8.79E-09,0.064159033
39,7,1979,424,590,177,78,624,51,13,2.7,8.3,67,3.5,23,7.9,36,3,55,6.22E-03,1.82E-05,90.274861,-6.75E-06,-8.37E-09,0.086982992
50,6.9,2300,332,530,200,72,679,75,12,2.7,9,80,3.9,22,8.6,39,3.2,66,6.49E-03,1.88E-05,97.279058,-7.45E-06,-9.06E-09,0.094913787
37,8.2,2485,381,549,162,69,800,67,12,2.1,8.6,77,4.2,21,11,42,2.9,76,6.28E-03,1.87E-05,88.735843,-7.88E-06,-9.29E-09,0.10839247
43,9.1,2047,406,554,204,56,821,58,11,2.7,7.6,74,3.8,24,10.6,33,2.5,72,6.42E-03,1.87E-05,96.602035,-7.64E-06,-9.05E-09,0.059867781
46,8,2368,391,443,142,76,781,61,10,2.5,6.9,71,3.7,24,8.2,28,3.6,57,6.00E-03,1.76E-05,83.023844,-7.22E-06,-9.16E-09,0.032668193
49,7.7,1898,442,458,201,77,765,70,12,2,8.1,84,3.8,22,9.3,34,2.8,69,6.45E-03,1.86E-05,96.147668,-7.57E-06,-9.09E-09,0.065444455
46,9.7,2040,315,520,143,62,580,61,10,2.5,7.7,61,3.5,21,10.7,29,2.6,61,5.91E-03,1.75E-05,79.644568,-7.05E-06,-8.58E-09,0.044210365
49,6.8,2237,453,462,183,59,748,73,14,2.4,6.8,61,3.7,19,10,32,2.7,75,6.36E-03,1.84E-05,91.737055,-7.93E-06,-9.42E-09,0.049456135
45,9.6,2181,441,485,172,66,650,75,10,2.7,8,64,3.6,20,9.1,38,3.3,60,6.20E-03,1.80E-05,88.502852,-7.12E-06,-8.79E-09,0.093487687
41,8.4,2718,461,445,205,81,613,54,13,2.6,8.4,68,3.2,16,9.8,36,3.2,72,6.43E-03,1.81E-05,95.281938,-7.86E-06,-9.49E-09,0.072458861
45,7.3,2078,315,515,167,73,810,62,14,2.6,6.7,59,3.5,19,9,37,2.7,64,6.20E-03,1.80E-05,86.854651,-7.17E-06,-8.63E-09,0.088356919
42,8.7,1997,311,394,206,55,703,68,11,2.7,7.8,86,3.5,22,7.9,33,3.5,64,6.39E-03,1.81E-05,95.671414,-7.55E-06,-9.37E-09,0.057617918
53,9.1,2050,378,483,162,78,589,52,11,2.6,6.2,85,4.5,21,10,28,2.9,72,6.23E-03,1.87E-05,84.200785,-7.88E-06,-9.51E-09,0.02628908
47,8.7,2261,416,571,186,66,810,65,12,1.9,8.8,83,3.5,17,11.6,34,3.2,57,6.31E-03,1.83E-05,91.072655,-6.92E-06,-8.60E-09,0.074086337
39,9.4,2289,394,426,192,62,790,51,13,2,8,68,4.5,20,11.4,34,3.5,73,6.48E-03,1.90E-05,93.042989,-8.04E-06,-9.78E-09,0.058341679
45,7.8,2270,353,446,184,68,707,51,10,2.7,8.6,71,4.8,23,9,41,3.3,78,6.40E-03,1.91E-05,91.335188,-8.21E-06,-9.79E-09,0.096479995
44,8.3,2692,367,506,180,55,618,52,13,2.3,7.5,59,3.8,22,8.7,28,2.9,75,6.29E-03,1.84E-05,90.958998,-8.09E-06,-9.73E-09,0.022942256
37,7.8,2269,401,435,172,58,743,69,14,2.3,7.6,74,4.6,17,8.3,40,3.3,68,6.42E-03,1.90E-05,88.823307,-7.60E-06,-9.23E-09,0.098376626
49,7.8,2116,452,563,159,60,708,51,12,2.6,7.8,70,4.5,23,9.2,39,2.8,70,6.22E-03,1.88E-05,86.465154,-7.55E-06,-9.00E-09,0.094836469
42,7,2239,461,447,176,71,665,62,10,2.7,6.6,77,3.6,17,8.4,34,3.1,78,6.18E-03,1.79E-05,86.096477,-8.26E-06,-9.87E-09,0.05513531
44,7.3,2577,339,451,189,64,781,55,12,2.5,6.9,73,3.7,17,8.3,34,3,63,6.33E-03,1.83E-05,90.235969,-7.28E-06,-8.90E-09,0.068398374
40,8.6,2434,425,509,148,70,579,69,11,1.9,8.4,81,4.2,16,10.9,31,3.4,71,6.13E-03,1.83E-05,81.540834,-7.94E-06,-9.69E-09,0.042251908
42,9.9,2332,323,425,187,56,777,59,13,2.4,6.1,79,4.5,17,10.8,28,3.2,69,6.46E-03,1.90E-05,89.990336,-7.79E-06,-9.53E-09,0.027141849
41,7.8,1875,379,493,162,68,753,69,11,2.2,8.2,69,3.7,23,10.7,30,3,56,6.12E-03,1.80E-05,86.834191,-6.86E-06,-8.54E-09,0.051568398
53,8.9,2616,414,470,181,61,601,52,10,2.7,6.6,81,4.1,19,9.9,40,3.1,61,6.29E-03,1.85E-05,88.266751,-7.06E-06,-8.62E-09,0.1067253
49,9.8,1977,366,446,194,59,732,70,14,2.6,9,85,3.9,23,10.6,33,2.7,61,6.48E-03,1.87E-05,97.021701,-7.02E-06,-8.53E-09,0.067657946
53,9,2690,337,414,147,69,789,73,11,2.6,7.3,71,4.5,17,11,36,2.7,58,6.23E-03,1.85E-05,83.318561,-6.78E-06,-8.25E-09,0.088609937
54,9.5,2236,451,524,152,71,756,56,14,2.3,6.6,76,4.2,24,9.1,39,2.5,58,6.24E-03,1.86E-05,87.230059,-6.69E-06,-8.06E-09,0.10703004
45,7.1,2324,455,438,158,59,766,64,11,2.4,7.1,65,4.5,21,11.4,35,3,81,6.22E-03,1.86E-05,85.701617,-8.34E-06,-9.87E-09,0.061307047
45,7.6,2247,361,468,201,67,694,53,12,2.3,6.3,66,4.5,24,8.1,41,2.9,77,6.50E-03,1.91E-05,94.974017,-8.01E-06,-9.46E-09,0.099649363
38,9.3,1837,403,568,177,60,705,75,14,1.9,8.9,80,3.3,20,8.9,31,3.5,73,0.006245485,1.81E-05,90.89265,-8.13E-06,-9.94E-09,0.03857471
38,9.7,2679,370,551,151,71,751,53,12,1.9,8.2,60,3.5,24,11.1,34,3.5,71,6.07E-03,1.79E-05,86.391411,-7.92E-06,-9.67E-09,0.0598311
45,8.8,2096,341,513,178,58,574,55,11,2.1,6.7,64,3.4,18,11.1,38,3.5,59,6.11E-03,1.78E-05,84.971489,-7.10E-06,-8.82E-09,0.094148657
42,7.6,2579,405,539,195,56,817,61,11,2.4,6.3,59,4,24,9.4,35,3.4,79,6.41E-03,1.88E-05,94.970406,-8.40E-06,-1.01E-08,0.058814042
37,7.7,2489,349,481,210,66,569,62,11,2.7,8.3,72,4.4,19,7.9,34,3.2,74,6.56E-03,1.92E-05,95.930516,-8.05E-06,-9.72E-09,0.057452354
42,9,2495,402,540,205,68,818,57,14,2.5,7.1,74,3.9,21,11.7,28,3.5,72,6.56E-03,1.90E-05,98.007625,-8.07E-06,-9.90E-09,0.023017694
48,9.5,2342,446,487,172,66,754,65,12,2.6,6.8,83,3.7,18,9.7,39,2.7,70,6.26E-03,1.82E-05,88.330974,-7.50E-06,-8.91E-09,0.095879762
51,7,2170,425,496,161,74,769,69,14,2.2,8.4,66,3.6,19,10.9,28,3,59,6.21E-03,1.81E-05,87.548657,-7.08E-06,-8.78E-09,0.037057037
50,6.8,1973,426,409,186,55,550,55,12,2.7,6.8,69,4.2,23,9,29,3.1,63,6.32E-03,1.85E-05,90.419258,-7.39E-06,-9.11E-09,0.037822389
50,6.8,2448,315,427,189,72,566,66,11,2.4,9,58,3.2,22,11.7,40,3,59,6.23E-03,1.77E-05,92.545873,-6.87E-06,-8.38E-09,0.11027533
44,8.2,1905,461,537,148,56,556,65,10,2.7,7,68,3.6,22,8.1,36,3.6,72,5.95E-03,1.77E-05,81.468821,-8.04E-06,-9.82E-09,0.068476435
47,8.3,2445,333,478,192,65,759,68,10,2.5,7.8,80,3.3,20,10.1,41,3.1,78,6.28E-03,1.79E-05,92.480224,-8.11E-06,-9.61E-09,0.098630164
43,8.8,2380,378,514,172,71,622,63,13,2.6,8.8,85,4.5,19,9.8,40,3.2,63,6.40E-03,1.90E-05,89.8918,-7.23E-06,-8.82E-09,0.10425616
54,8.9,2215,443,399,163,75,688,52,12,2.6,8,85,4.6,20,9.6,29,3.3,55,6.31E-03,1.87E-05,86.788228,-6.95E-06,-8.76E-09,0.043473795
51,9.9,2223,330,495,208,71,586,60,12,2.1,6.9,78,3.6,23,10.8,31,2.7,78,6.44E-03,1.85E-05,96.239101,-8.12E-06,-9.61E-09,0.041385405
54,7.7,2473,404,428,169,81,595,57,12,2,8.4,58,3.9,18,8,31,3.6,76,6.23E-03,1.82E-05,86.565171,-8.37E-06,-1.02E-08,0.034756834
46,7.5,2571,424,451,207,70,637,60,12,2.1,7.1,65,3.9,21,8.7,38,2.6,79,6.49E-03,1.87E-05,96.378698,-8.07E-06,-9.44E-09,0.082349424
39,9.7,2731,355,469,183,57,760,64,13,2,7.6,80,3.5,24,9.9,34,2.9,75,0.006332725,1.82E-05,94.636654,-7.97E-06,-9.51E-09,0.060060062
39,6.7,1841,329,439,146,73,622,69,12,1.9,6.4,72,4.4,23,9.4,32,3.5,62,0.006106465,1.83E-05,81.949536,-7.41E-06,-9.24E-09,0.054192686
37,8.7,2366,406,507,209,74,657,69,10,1.9,8.1,79,4.1,20,8.5,39,2.7,74,6.51E-03,1.89E-05,96.190604,-7.78E-06,-9.19E-09,0.091756436
48,8.9,2133,410,551,188,62,769,54,13,2.6,8.5,61,3.4,22,9,32,3.4,80,6.30E-03,1.82E-05,93.216167,-8.52E-06,-1.03E-08,0.03954222
38,9,1860,337,558,169,77,806,73,14,2.5,8.1,60,4,20,10.7,38,3.1,63,6.31E-03,1.86E-05,88.889867,-7.21E-06,-8.79E-09,0.093435515
44,9.9,2261,430,469,159,62,668,62,13,2.2,7.8,81,4.3,19,11.5,40,2.9,66,6.26E-03,1.86E-05,8.61E+01,-7.28E-06,-8.74E-09,0.10499296
45,9.7,2449,422,451,170,68,763,62,10,2.1,6.7,76,4.5,20,10.7,28,3.3,60,6.31E-03,1.87E-05,87.411048,-7.26E-06,-9.06E-09,3.39E-02
46,9,2228,397,508,171,55,803,52,11,2.5,7.4,75,3.6,17,8.2,36,2.5,65,6.14E-03,1.80E-05,84.920895,-7.19E-06,-8.60E-09,0.082399802
47,6.7,2331,434,441,201,68,632,55,14,1.9,7,78,4.8,19,9.2,35,3.3,79,0.006596258,1.95E-05,94.314732,-8.37E-06,-1.00E-08,0.059412259
39,9.6,2676,378,504,168,57,681,60,14,1.9,6.3,65,4.1,19,8.5,30,3.4,66,6.31E-03,1.86E-05,87.814033,-7.68E-06,-9.49E-09,0.038867216
46,8.1,2523,360,445,209,55,704,58,11,2.5,6.1,58,4.5,17,10,36,2.9,58,6.54E-03,1.92E-05,93.376064,-6.87E-06,-8.42E-09,0.08652335
51,9.7,2355,324,551,203,61,601,61,12,2.7,6.2,61,3.4,22,11.3,30,3.4,61,6.38E-03,1.83E-05,94.632964,-7.32E-06,-9.11E-09,0.044847945
47,7.6,2705,385,574,170,64,583,57,13,2.2,8.7,77,4.3,19,8.8,29,3.5,58,6.32E-03,1.89E-05,88.756853,-7.22E-06,-9.10E-09,0.038994121
54,9.8,2533,457,499,167,77,779,61,10,2.5,8.3,58,3.2,24,9.8,42,3.4,63,6.13E-03,1.77E-05,90.107184,-7.27E-06,-8.90E-09,0.11492367
43,8.8,2174,458,410,143,63,642,53,11,2.7,8,64,3.8,19,9.5,42,2.7,57,5.99E-03,1.77E-05,80.470178,-6.64E-06,-8.04E-09,0.1248511
41,8.9,1974,312,448,201,81,564,64,12,2.3,6.3,81,4.3,17,8,28,3.3,67,0.006489539,1.89E-05,91.159462,-7.75E-06,-9.55E-09,0.026316329
52,7.6,2553,321,416,179,63,792,70,10,1.9,6.8,85,3.8,20,8.3,33,2.6,67,0.006252842,1.81E-05,89.208174,-7.40E-06,-8.89E-09,0.061880426
51,8.8,2379,390,397,190,75,629,51,13,2.6,8.2,74,3.9,16,8.8,38,3,55,0.006398163,1.84E-05,90.701249,-6.70E-06,-8.28E-09,0.099673505
39,7.8,2112,323,505,170,73,666,75,12,2.1,7.5,78,3.7,20,9.2,41,2.9,55,0.006230173,1.82E-05,88.015524,-6.61E-06,-8.11E-09,0.11883062
50,9.4,2150,367,566,196,80,729,71,14,2.4,6.7,64,4.3,16,9.5,37,3.3,65,0.006567919,1.93E-05,93.105326,-7.44E-06,-9.11E-09,0.083482459
41,8.6,2378,347,476,208,77,598,72,11,2.4,7,78,3.3,20,9.5,42,3.3,81,0.006413614,1.82E-05,95.782278,-8.37E-06,-9.92E-09,0.10033679
47,8.7,2248,444,554,187,81,699,73,11,2.3,8.4,59,4.8,21,11.2,42,2.9,69,6.52E-03,1.95E-05,93.619713,-7.44E-06,-8.86E-09,0.11440023
51,9.8,2405,417,475,184,80,632,75,14,2.4,8.5,72,3.2,21,8.7,35,2.9,72,6.36E-03,1.81E-05,94.815516,-7.79E-06,-9.33E-09,0.067876462
48,9,2347,311,566,162,79,600,61,10,2.2,6.9,62,3.7,20,10.5,41,3.1,75,6.10E-03,1.80E-05,83.844099,-7.92E-06,-9.42E-09,0.10140475
47,7.8,1840,414,440,202,67,633,65,10,2.6,6.5,70,3.7,21,7.9,28,3,78,6.34E-03,1.83E-05,92.349938,-8.33E-06,-1.00E-08,0.019187963
54,9.3,2332,334,464,145,75,603,75,14,2,8.8,58,3.8,19,11.2,37,2.9,61,0.006142444,1.81E-05,84.226229,-7.02E-06,-8.54E-09,0.090825222
38,7.6,2183,355,519,191,72,787,75,14,2.4,6.3,62,3.6,19,10.2,28,3.2,56,0.006417512,1.85E-05,93.181246,-7.29E-06,-9.06E-09,0.033481029
46,7.9,2604,404,546,152,66,673,71,10,2.1,7.7,82,4.6,22,8.4,34,3.2,63,6.21E-03,1.88E-05,85.610332,-7.35E-06,-9.04E-09,6.70E-02
48,9.4,2472,454,516,163,61,804,67,13,2.4,7.5,78,4.1,22,9.9,34,3.6,75,6.31E-03,1.86E-05,90.042752,-8.23E-06,-1.00E-08,5.50E-02
37,9.8,1964,417,567,162,73,695,70,12,2.7,7,73,3.6,23,9.5,31,2.6,75,0.006176751,1.82E-05,87.879785,-7.92E-06,-9.40E-09,0.043804468
51,9.1,2487,344,511,146,58,779,66,10,2.5,7.7,77,4.6,17,9.2,38,3.3,71,6.16E-03,1.87E-05,81.391572,-7.81E-06,-9.45E-09,0.084310342
50,7.2,2096,420,542,162,63,744,70,11,2.7,6.4,69,3.5,16,10.2,38,3.2,72,6.10E-03,1.79E-05,83.170842,-7.82E-06,-9.41E-09,0.084831463
40,9.9,1838,438,475,196,55,808,55,10,2.4,6.7,81,4.1,23,11.6,37,2.7,70,0.006361186,1.86E-05,92.609715,-7.50E-06,-8.92E-09,0.084969556
47,9.7,2289,351,463,154,69,809,68,13,2.7,7.9,73,4.2,18,11.5,28,3.3,62,0.006258681,1.85E-05,85.646798,-7.37E-06,-9.16E-09,3.27E-02
46,7.5,2150,410,574,175,60,649,51,11,2.2,8.5,85,4,24,11.3,42,3.6,72,6.23E-03,1.86E-05,86.429354,-7.88E-06,-9.55E-09,0.10686589
37,9.7,1929,396,394,192,78,814,53,11,2.7,7,68,3.6,22,8.8,37,3.5,66,6.32E-03,1.81E-05,92.257211,-7.51E-06,-9.18E-09,0.11104222
52,6.8,2574,408,577,156,58,693,69,14,2.4,8.2,80,3.3,21,8,42,2.7,73,0.006131046,1.79E-05,88.012714,-7.67E-06,-9.05E-09,0.11045602
45,9.1,2022,365,480,163,62,756,59,14,1.9,8.7,77,4,20,10.2,29,2.8,80,0.006233623,1.84E-05,87.173384,-8.33E-06,-9.88E-09,0.026480088
54,7.7,2581,437,544,156,60,667,62,14,1.9,7,84,3.2,17,10.7,39,3.4,80,0.006084515,1.77E-05,84.501581,-8.37E-06,-9.99E-09,0.083037074
42,7.6,2489,366,517,190,68,733,61,13,2.1,8.7,72,4,24,10.4,39,3.2,57,6.43E-03,1.88E-05,9.59E+01,-6.86E-06,-8.47E-09,1.04E-01
39,9.2,2669,346,492,205,69,723,73,14,2.2,7.6,80,3.8,16,11,32,3,79,6.58E-03,1.89E-05,96.597955,-8.28E-06,-9.85E-09,0.044555477
54,9.2,2476,391,525,191,79,551,72,12,2,7.9,69,3.3,23,10.4,37,3.5,66,0.006334831,1.81E-05,94.799783,-7.57E-06,-9.29E-09,0.081763854
49,6.8,2557,367,512,181,58,758,54,11,2.4,8.9,67,4.5,21,9.9,28,2.7,77,0.006363925,1.90E-05,90.926108,-8.13E-06,-9.67E-09,0.023475839
48,8.8,2021,332,568,141,73,607,75,12,2.3,8.7,58,3.5,16,10.7,29,3.2,67,5.99E-03,1.78E-05,79.599722,-7.65E-06,-9.38E-09,0.034817571
38,9.9,2012,421,464,160,65,563,63,12,2.1,6.3,86,3.7,20,11,35,2.8,55,6.12E-03,1.79E-05,84.072582,-6.64E-06,-8.17E-09,0.084345672
52,8.3,2463,419,440,173,63,762,66,11,2.7,8.1,58,3.3,19,9.2,33,2.8,80,6.18E-03,1.77E-05,88.789192,-8.28E-06,-9.79E-09,0.050080809
38,6.8,2432,344,436,209,78,747,56,10,2.7,6.5,79,4.6,24,10.2,33,3.3,63,6.57E-03,1.92E-05,97.097745,-7.37E-06,-9.10E-09,0.06137116
46,7,2476,338,452,210,67,655,55,13,1.9,8,69,3.4,22,9.6,28,3.2,58,0.006426303,1.82E-05,97.130928,-7.12E-06,-8.90E-09,0.035619788
42,8,2608,339,580,150,55,705,58,13,1.9,6.2,74,4.7,19,9.9,41,2.6,71,0.006225059,1.90E-05,82.886837,-7.49E-06,-8.83E-09,0.1080105
45,6.9,2242,311,441,159,75,808,59,13,2.3,7.8,67,4.6,16,11.6,33,3.5,74,0.006288685,1.88E-05,83.956481,-8.12E-06,-9.87E-09,0.051569623
40,9.9,2244,344,416,203,80,799,59,10,2.6,6.8,62,3.4,23,9.9,35,3.2,57,0.006371332,1.80E-05,95.23363,-6.93E-06,-8.61E-09,0.079064572
48,9.3,2667,462,396,172,76,760,56,13,1.9,8.3,64,4.8,23,8.8,33,3.5,68,0.006463713,1.91E-05,92.424321,-7.79E-06,-9.58E-09,0.054829822
37,8.5,2619,351,428,178,71,686,73,11,2.4,6.8,74,3.6,19,10.3,37,3.5,56,6.28E-03,1.81E-05,89.718551,-6.94E-06,-8.69E-09,0.090101115
53,7.7,2272,395,524,202,79,646,56,14,2.1,7.7,70,3.6,24,9,42,3.3,59,6.46E-03,1.86E-05,97.396018,-6.99E-06,-8.61E-09,0.11850073
39,7.4,2718,334,570,145,59,557,59,13,2.6,8,82,4.2,18,8.1,28,2.7,56,6.14E-03,1.85E-05,82.419574,-6.83E-06,-8.46E-09,0.039973127
38,7.7,2695,332,403,171,56,605,65,12,1.9,8.7,59,4,16,9.9,38,3,58,0.006242483,1.82E-05,86.511506,-6.87E-06,-8.43E-09,0.097852659
41,9.5,2609,380,552,189,80,743,58,10,2.6,8.4,59,3.3,16,9.8,31,2.5,62,6.28E-03,1.81E-05,90.179268,-7.06E-06,-8.53E-09,0.055641693
43,8.8,2306,350,472,162,75,696,55,12,2.3,8.4,84,4.1,19,11.2,40,3.6,70,6.22E-03,1.84E-05,85.883175,-7.79E-06,-9.49E-09,0.096364203
37,9.2,2574,336,416,167,70,757,66,12,2.5,7.9,76,3.6,20,8.5,32,2.5,64,6.23E-03,1.80E-05,88.82539,-7.19E-06,-8.66E-09,0.059194089
37,7.2,2404,316,445,173,60,712,75,11,2.1,8.1,69,3.8,24,11.6,35,3.2,70,6.23E-03,1.82E-05,90.785228,-7.72E-06,-9.35E-09,6.92E-02
38,7.1,2631,373,446,205,80,558,51,14,2.4,7.7,78,4.3,20,11.5,41,2.6,72,0.006587125,1.91E-05,96.517728,-7.53E-06,-8.85E-09,0.10818773
38,9.3,1994,312,541,185,57,757,59,11,2.7,6.7,75,4.8,21,8.5,37,2.8,79,0.006425758,1.93E-05,89.94104,-8.16E-06,-9.62E-09,0.074712361
37,7.5,2466,378,523,144,66,636,72,10,2.3,6.6,63,3.4,24,10,31,2.8,79,0.005952482,1.75E-05,83.043944,-8.24E-06,-9.77E-09,0.03931128
51,8.3,2674,339,454,184,55,737,65,11,2.2,6.4,79,4,23,9.6,29,2.8,63,0.006339032,1.85E-05,92.166492,-7.27E-06,-8.88E-09,0.040380027
41,8,1961,378,456,169,69,709,53,11,2,6.9,80,3.8,21,11.3,34,3.2,67,0.006137007,1.80E-05,85.368956,-7.55E-06,-9.21E-09,0.065494746
37,8.5,2434,341,411,182,69,816,52,13,2.3,8.6,65,4.2,24,10.4,29,3.3,55,0.006403267,1.87E-05,93.700812,-6.93E-06,-8.74E-09,0.043982455
42,9.7,2509,421,437,210,65,583,63,13,2.6,6.7,68,3.8,17,8.2,40,3.3,66,0.006539155,1.87E-05,95.798633,-7.48E-06,-9.12E-09,0.099993212
41,9.7,2320,332,504,163,64,677,71,10,2.5,6.3,69,4,19,10.7,28,3.3,66,0.006177025,1.83E-05,84.562687,-7.64E-06,-9.42E-09,0.028873138
51,7.4,2735,329,461,192,59,683,62,10,2.4,6.4,60,4.8,16,8,34,3.2,78,6.46E-03,1.92E-05,89.369331,-8.30E-06,-9.96E-09,0.054155599
48,7.9,2651,433,549,145,74,607,60,11,2.1,6.6,83,4.6,23,10.3,36,2.9,55,6.17E-03,1.87E-05,83.903171,-6.67E-06,-8.23E-09,0.08923435
46,7.2,2225,362,589,210,67,726,55,12,1.9,8.7,81,4.6,21,11.4,40,3.5,69,6.58E-03,1.95E-05,96.855356,-7.69E-06,-9.35E-09,0.098056833
39,9.7,2318,374,434,193,63,770,63,12,2.3,9,80,3.9,16,9,33,3.5,74,6.42E-03,1.85E-05,92.240985,-8.16E-06,-9.94E-09,0.049916481
37,9.5,2168,384,547,183,58,606,57,11,2.4,7.3,79,3.9,22,11.6,37,2.8,68,0.006271316,1.85E-05,89.981419,-7.42E-06,-8.88E-09,0.085924343
39,7.6,2579,359,585,198,67,700,74,14,2,6.4,58,3.7,20,8.6,41,3.3,80,0.006476108,1.88E-05,95.528161,-8.34E-06,-9.92E-09,0.094545497
52,8.4,2193,318,492,187,67,798,72,11,2.6,8,71,3.4,16,10.6,35,3.4,58,0.006280643,1.81E-05,89.787127,-7.05E-06,-8.80E-09,0.077218802
41,9.4,2702,321,492,143,70,625,64,13,2,8.5,66,3.6,19,11,35,2.5,79,6.07E-03,1.78E-05,83.074906,-8.04E-06,-9.40E-09,0.066359792
42,8,2496,432,414,141,77,645,52,12,2.4,7.8,60,4.2,21,8.9,41,3.1,58,6.09E-03,1.81E-05,82.267533,-6.87E-06,-8.44E-09,0.11466886
44,9.1,2547,450,553,175,64,801,70,10,2.6,8.6,64,3.2,19,11.6,41,3.5,78,6.08E-03,1.77E-05,86.316966,-8.23E-06,-9.86E-09,0.096682375
47,9.8,2556,446,448,208,56,722,70,12,2.2,6.3,78,4.7,21,10,39,3.5,68,6.66E-03,1.95E-05,98.047851,-7.66E-06,-9.36E-09,0.091947628
41,9.6,2246,344,540,143,55,792,53,11,2.4,8,63,4.5,16,10,37,3.2,55,6.09E-03,1.85E-05,79.049359,-6.77E-06,-8.43E-09,0.092926596
52,8.5,1952,347,568,172,55,648,72,13,1.9,7.3,66,4.3,17,10.3,38,2.5,81,6.29E-03,1.88E-05,86.156968,-8.13E-06,-9.45E-09,0.082411955
53,8,2147,412,511,193,67,673,75,10,2.5,7.1,86,3.4,23,11.1,35,3.1,64,6.30E-03,1.81E-05,93.761862,-7.31E-06,-8.93E-09,0.074672352
45,7.4,2046,449,450,165,59,721,54,14,2.4,8.1,70,3.4,16,11.6,29,3.4,68,6.13E-03,1.77E-05,84.896993,-7.77E-06,-9.56E-09,0.033098966
42,7.2,2717,323,413,174,66,711,67,11,2.6,6.9,73,3.4,19,11.3,39,2.7,74,6.20E-03,1.77E-05,88.404365,-7.73E-06,-9.11E-09,0.093536743
45,8.6,2118,348,480,194,68,759,63,12,2.3,6.2,65,3.8,18,10.8,31,3.3,74,6.37E-03,1.85E-05,90.80616,-8.09E-06,-9.81E-09,0.040393454
46,9.3,2296,430,439,171,60,724,67,13,2.6,8.5,62,3.6,16,11.1,28,3.2,74,6.25E-03,1.81E-05,87.909831,-8.10E-06,-9.82E-09,0.023132174
39,7.8,1931,352,407,161,58,673,73,13,2.3,8.6,66,4,16,11.3,33,3.5,75,6.19E-03,1.82E-05,84.303138,-8.18E-06,-9.94E-09,0.050538792
43,8,2732,368,460,182,57,613,70,12,2.4,6.8,61,3.8,19,11.6,35,3.3,58,6.32E-03,1.83E-05,90.523728,-7.00E-06,-8.70E-09,0.078580007
45,8.6,2697,393,448,145,55,672,72,10,1.9,8.1,83,4.1,18,9.8,32,3,67,6.08E-03,1.81E-05,82.042583,-7.54E-06,-9.16E-09,0.053873501
37,7.5,2648,428,434,195,59,768,71,10,2,8.9,58,3.7,21,11,35,3.5,75,6.36E-03,1.83E-05,94.818652,-8.16E-06,-9.88E-09,0.062466317
43,8.2,2033,416,422,186,58,623,67,14,2.2,6.7,74,3.7,17,8.5,37,2.7,55,6.33E-03,1.83E-05,89.716045,-6.61E-06,-8.11E-09,0.095599766
54,7,2143,329,572,145,55,733,60,11,2.1,6.2,68,4.3,22,9.1,42,2.9,77,6.05E-03,1.84E-05,80.865541,-7.98E-06,-9.40E-09,0.10634432
43,6.8,2608,356,429,150,69,744,55,10,2.4,8,80,4.4,19,10.4,36,2.9,75,6.13E-03,1.83E-05,82.564615,-7.93E-06,-9.43E-09,0.072496246
45,7.8,2352,315,476,159,71,612,60,13,2.2,7.3,73,3.8,17,11.1,35,2.5,81,6.15E-03,1.81E-05,83.495697,-8.17E-06,-9.52E-09,0.064743206
52,9.6,1883,358,557,164,74,557,69,14,1.9,8.5,62,4.6,20,10.4,35,2.8,69,6.34E-03,1.91E-05,87.150588,-7.53E-06,-9.03E-09,0.072202997
54,9.4,2633,317,490,146,64,655,59,13,2.1,6.2,73,4.7,22,11.4,38,2.5,72,6.23E-03,1.88E-05,83.94221,-7.54E-06,-8.87E-09,0.090672121
38,6.8,2408,343,528,208,75,619,61,12,2.7,9,69,4.8,22,10.7,38,2.5,79,6.65E-03,1.97E-05,98.154357,-8.00E-06,-9.32E-09,0.084346454
38,6.7,2063,437,580,168,62,791,75,13,2.4,7.6,61,4.1,19,8,40,3.1,56,6.29E-03,1.87E-05,88.37638,-6.78E-06,-8.38E-09,0.10971765
51,8.2,1911,423,585,174,65,560,63,13,1.9,8.2,84,4.1,19,8.3,37,2.8,63,6.28E-03,1.87E-05,87.697351,-7.16E-06,-8.67E-09,0.088026545
45,7.8,2292,450,554,158,71,774,68,11,2.6,7.7,75,4.1,18,9.7,33,3.6,58,6.20E-03,1.85E-05,85.258964,-7.18E-06,-9.03E-09,0.063077526
43,6.8,2008,347,403,151,74,743,60,14,2.1,7,59,3.4,21,9.9,28,3,79,6.05E-03,1.75E-05,83.570691,-8.36E-06,-1.00E-08,0.019619526
43,9.2,2413,343,450,189,65,581,57,14,2.7,8.8,58,4.5,24,7.9,30,2.8,68,6.52E-03,1.92E-05,95.588489,-7.60E-06,-9.19E-09,0.041157841
54,9.1,2721,323,493,210,59,788,67,10,2.3,7.8,68,4.5,19,8.7,31,2.8,77,6.59E-03,1.93E-05,96.648809,-8.13E-06,-9.68E-09,0.040164877
44,6.8,2372,458,461,169,76,596,70,12,2.7,8.8,64,3.5,17,10.7,42,3.1,70,6.20E-03,1.79E-05,87.69247,-7.58E-06,-9.08E-09,0.11179147
48,8.4,2730,323,402,195,59,786,59,10,2.1,6.9,61,3.4,19,11.3,42,3.3,57,6.28E-03,1.79E-05,91.561377,-6.83E-06,-8.43E-09,0.1216433
53,9.8,1855,370,587,167,65,690,57,13,2.2,6.8,83,3.6,16,10,31,3,66,6.16E-03,1.82E-05,83.714799,-7.49E-06,-9.13E-09,0.048781614
40,9.7,2601,420,527,207,65,576,69,12,2.2,6.2,63,3.2,17,10.1,36,3.6,59,6.41E-03,1.82E-05,94.329208,-7.18E-06,-8.98E-09,0.080669179
46,9.3,2607,361,493,162,78,602,61,13,2.5,7.4,81,4.8,18,11.6,35,2.5,66,6.39E-03,1.92E-05,86.847079,-7.21E-06,-8.60E-09,0.077662383
47,6.7,2414,337,480,152,56,806,72,14,2.1,6.8,77,3.6,22,10.9,41,3.2,71,6.13E-03,1.79E-05,86.530076,-7.70E-06,-9.24E-09,0.10429403
41,8.6,2140,362,465,175,59,783,58,10,2.3,6.7,68,3.5,21,9.8,33,2.6,79,6.13E-03,1.78E-05,86.918196,-8.13E-06,-9.57E-09,0.05275315
45,7.3,2733,370,456,207,59,569,59,11,2.6,8.4,61,4.1,19,9.8,28,3.4,73,6.49E-03,1.88E-05,95.297317,-8.13E-06,-9.94E-09,0.021694925
39,9.8,2611,405,527,149,64,791,54,11,2,7.7,76,3.3,24,11.5,28,2.5,70,6.00E-03,1.76E-05,85.4,-7.58E-06,-9.06E-09,0.03182451
52,7.4,2205,437,408,207,79,736,66,10,2.2,6.1,76,3.9,21,8.9,28,3.4,75,6.45E-03,1.85E-05,94.925921,-8.27E-06,-1.01E-08,0.019442515
44,9.6,2105,320,401,193,63,688,71,12,2.4,7.4,74,3.3,21,8.2,40,3.5,60,6.31E-03,1.79E-05,93.13369,-7.17E-06,-8.90E-09,0.10358296
42,9.7,2627,359,475,191,56,700,67,14,1.9,7.9,62,4.1,20,9.2,37,2.9,55,6.48E-03,1.89E-05,94.664097,-6.67E-06,-8.23E-09,0.09459408
38,9.2,2281,408,507,204,74,628,64,14,2,8.9,71,3.9,24,10.4,31,3.3,71,6.54E-03,1.89E-05,99.292062,-7.91E-06,-9.64E-09,0.042659378
52,8,2519,454,585,161,58,620,73,12,1.9,6.8,71,3.4,19,8.4,39,2.8,60,6.11E-03,1.79E-05,85.808253,-6.93E-06,-8.42E-09,0.10272865
54,8.8,2126,456,560,174,62,804,56,13,1.9,6.4,59,4.3,19,10.9,39,3.2,71,6.32E-03,1.89E-05,87.738647,-7.73E-06,-9.30E-09,0.09217576
49,7.6,2026,459,527,184,78,730,71,13,2.1,7.2,86,4.3,19,9.2,28,3.4,61,6.45E-03,1.90E-05,91.623576,-7.39E-06,-9.23E-09,0.031394442
50,8.5,2392,445,401,198,69,642,58,14,2.1,7,64,3.5,22,8.4,37,2.7,79,6.41E-03,1.82E-05,95.591098,-8.13E-06,-9.55E-09,0.07537416
41,8.5,2651,447,494,161,66,720,54,11,2.2,6.8,77,3.8,20,8.5,38,3.5,80,6.15E-03,1.81E-05,85.635043,-8.46E-06,-1.02E-08,0.074853743
40,7.6,2298,386,421,185,59,813,56,12,2.2,7.7,62,4.3,16,10,42,2.7,65,6.37E-03,1.87E-05,88.84575,-7.13E-06,-8.51E-09,0.11844834
51,9.2,2129,330,517,203,69,742,53,11,2.5,8.9,74,3.8,23,8.9,40,2.6,66,6.41E-03,1.86E-05,95.822738,-7.21E-06,-8.59E-09,0.10551596
42,8.5,2422,373,492,207,62,661,56,12,2,7.2,84,4.1,22,8.4,37,3.4,60,6.50E-03,1.89E-05,96.28722,-7.19E-06,-8.91E-09,0.086258093
39,8.2,2628,348,495,210,79,604,51,10,2.4,6.3,73,3.4,23,11,38,3.3,73,6.38E-03,1.82E-05,95.698633,-7.91E-06,-9.52E-09,0.083774656
48,7.1,2048,426,400,195,80,770,55,12,2.3,6.6,74,3.7,21,9.6,38,3.4,73,6.36E-03,1.82E-05,92.624546,-7.97E-06,-9.63E-09,0.082159122
38,6.9,2407,415,513,181,62,765,63,11,2.4,7,84,3.5,19,8.2,29,2.5,62,6.23E-03,1.81E-05,89.409141,-7.12E-06,-8.64E-09,0.042506102
48,9.5,2368,433,508,176,60,712,74,10,1.9,6.5,80,4.6,16,11.2,31,3.4,77,6.36E-03,1.90E-05,86.816251,-8.31E-06,-1.00E-08,0.03740215
38,8.9,2300,363,415,184,67,759,71,12,2.1,6.3,83,3.3,16,8.4,28,3.4,57,6.26E-03,1.78E-05,88.830784,-7.15E-06,-9.01E-09,0.03424612
52,9.8,2152,435,521,173,62,793,69,13,1.9,8.4,69,4.1,18,11,29,2.5,67,6.34E-03,1.87E-05,89.300538,-7.39E-06,-8.86E-09,0.040085988
41,9.3,2226,375,424,210,64,589,65,14,2.5,8.9,68,3.9,16,10.6,39,3.5,58,6.56E-03,1.88E-05,96.179401,-7.02E-06,-8.74E-09,0.10072997
39,8.4,2519,352,578,187,64,593,52,14,2.3,8,85,3.2,22,9.8,40,3.2,80,6.28E-03,1.81E-05,93.128395,-8.30E-06,-9.84E-09,0.089974731
42,9.4,2670,325,453,150,80,705,63,14,2.7,8.7,68,4,16,10.2,39,2.9,62,6.24E-03,1.83E-05,84.95025,-7.06E-06,-8.56E-09,0.10146759
52,8.3,1995,326,408,142,72,554,53,10,2.3,7.7,84,4.6,16,8.7,33,3.6,55,6.04E-03,1.83E-05,76.541712,-7.00E-06,-8.87E-09,0.064961954
46,9.5,2730,391,408,165,74,804,64,12,2.3,9,85,4.4,16,9.8,35,3.1,72,6.36E-03,1.87E-05,88.129952,-7.84E-06,-9.44E-09,0.067125106
52,7.3,2636,346,411,147,60,737,59,13,2.4,8.3,68,3.9,19,9.6,34,2.5,80,6.11E-03,1.80E-05,83.778475,-8.15E-06,-9.53E-09,0.058570418
39,7.1,2451,357,441,175,55,568,61,11,2.6,7.3,79,3.7,20,9.1,34,3.6,61,6.19E-03,1.80E-05,87.599029,-7.36E-06,-9.19E-09,0.066234914
53,9.8,1998,415,439,153,75,745,54,12,1.9,8.5,82,3.9,22,10.8,39,2.7,60,6.12E-03,1.80E-05,84.982406,-6.85E-06,-8.28E-09,0.10498001
49,9.8,1992,319,475,159,64,808,61,14,2.5,8.7,86,3.7,18,10.6,29,3.1,78,6.19E-03,1.81E-05,85.971766,-8.31E-06,-9.97E-09,0.026238442
41,8,2129,374,419,181,79,745,60,12,2.2,8.8,62,3.6,20,8.9,39,3.1,60,6.27E-03,1.80E-05,90.425411,-7.03E-06,-8.62E-09,0.10087042
38,9.6,1836,362,486,150,75,589,67,13,2.7,8.7,71,3.7,24,11.3,41,2.5,73,6.11E-03,1.80E-05,86.09146,-7.56E-06,-8.84E-09,0.10794586
48,9,2707,333,443,155,69,581,58,12,2.6,6.1,79,3.8,16,11.7,38,3.4,73,6.13E-03,1.80E-05,82.149984,-7.93E-06,-9.58E-09,0.083494352
40,9.1,2469,415,427,209,79,811,51,11,1.9,6.4,79,3.3,20,11.3,33,3.2,56,6.40E-03,1.80E-05,95.255769,-6.88E-06,-8.57E-09,0.068676538
54,7.9,2441,333,397,155,79,695,51,10,2.7,7.5,74,4.8,24,11.7,33,3.2,70,6.23E-03,1.87E-05,85.510546,-7.75E-06,-9.41E-09,0.057169687
44,9.3,1983,344,457,141,74,608,51,10,2.4,8.8,67,3.2,22,11.3,31,3.2,61,5.85E-03,1.71E-05,79.792514,-7.23E-06,-8.94E-09,0.052357844
51,8.2,2189,325,510,192,76,790,64,14,2.2,7.1,71,4,24,9.3,39,2.8,79,6.47E-03,1.88E-05,95.786811,-8.11E-06,-9.54E-09,0.087339292
39,9,2593,405,535,202,61,550,72,12,2.3,7.5,63,4.2,18,11.5,33,3.6,60,6.52E-03,1.91E-05,94.759077,-7.27E-06,-9.10E-09,0.06254184
53,9.6,2072,457,465,143,59,679,59,10,2.3,6.3,70,3.7,20,9.9,35,2.7,77,5.95E-03,1.76E-05,79.480523,-8.01E-06,-9.45E-09,0.065889792
54,8.4,2623,406,452,181,57,754,73,12,2.7,7.3,60,3.8,24,8.8,28,3.5,59,6.36E-03,1.84E-05,94.267135,-7.30E-06,-9.20E-09,0.0320949
44,8.6,2554,437,537,203,78,565,74,14,2.5,8.1,76,3.9,24,8.6,33,3.4,75,6.59E-03,1.90E-05,100.53018,-8.19E-06,-9.94E-09,0.049547448
47,9.9,2129,428,587,160,63,590,63,13,1.9,6.5,76,3.3,18,9,34,2.8,63,6.08E-03,1.78E-05,83.746124,-7.20E-06,-8.74E-09,0.070294214
54,7.2,1939,450,574,189,59,595,56,10,2.6,7.4,80,4.3,20,11.7,30,2.7,78,6.32E-03,1.89E-05,89.206116,-8.12E-06,-9.62E-09,0.03589851
41,9.9,2565,321,553,192,76,781,66,13,2.6,6.4,74,4.5,24,10.6,35,2.5,74,6.58E-03,1.94E-05,96.701119,-7.73E-06,-9.11E-09,0.070305884
52,7.1,2382,425,505,188,71,803,66,12,2,8.9,67,3.9,23,10.9,39,3.6,76,6.39E-03,1.86E-05,94.99919,-8.19E-06,-9.89E-09,0.085073813
52,9.9,2068,393,500,171,80,758,56,13,2.2,8.8,84,4.2,23,9.9,32,3.2,67,6.34E-03,1.87E-05,90.926099,-7.61E-06,-9.31E-09,0.05248632
51,8.1,2292,381,533,176,65,764,75,13,1.9,9,77,4.7,19,10,32,3.5,70,6.46E-03,1.93E-05,91.378231,-7.91E-06,-9.70E-09,0.047853506
45,7.3,2595,351,398,148,70,769,71,14,2,7,78,4,19,10,31,3.1,62,6.20E-03,1.81E-05,84.964617,-7.27E-06,-8.96E-09,0.05141657
46,6.9,1995,319,437,194,71,758,68,12,2.5,7.2,70,4.3,22,8.1,38,3,68,6.46E-03,1.89E-05,93.622299,-7.53E-06,-9.08E-09,0.088307332
41,9.9,2743,416,474,145,60,562,62,12,2.6,7.7,84,3.4,23,9.9,29,2.5,73,6.04E-03,1.76E-05,85.221507,-7.78E-06,-9.25E-09,0.034346075
40,8.3,2186,344,579,185,73,820,68,12,2.3,8.8,60,4.1,17,11.2,35,2.9,78,6.40E-03,1.89E-05,90.814042,-8.12E-06,-9.62E-09,0.064425516
51,9.4,2024,384,451,172,68,642,52,12,1.9,7.2,77,3.6,18,10,35,2.8,65,6.15E-03,1.79E-05,85.08189,-7.29E-06,-8.80E-09,0.075309005
40,7.5,2272,429,421,176,64,684,67,13,2.3,8.3,84,4.1,18,11.3,40,2.7,68,6.35E-03,1.85E-05,89.788845,-7.33E-06,-8.72E-09,0.10463639
51,7.2,2416,318,487,175,74,662,66,10,2.6,7.6,85,3.8,20,9.4,32,3.5,56,6.23E-03,1.82E-05,88.219658,-7.04E-06,-8.87E-09,0.059233192
51,6.8,1918,379,501,173,71,590,74,10,2,6.8,74,3.7,19,11.7,30,2.6,80,6.14E-03,1.80E-05,85.275042,-8.21E-06,-9.67E-09,0.034943723
50,7.3,2329,391,516,202,63,723,51,14,2.3,6.7,62,4.7,18,8.6,32,2.5,76,6.59E-03,1.95E-05,93.70948,-7.95E-06,-9.38E-09,0.049176659
54,6.9,2744,321,496,156,77,760,73,11,2,8.8,73,4.2,22,8.2,32,2.8,74,6.23E-03,1.85E-05,87.912098,-7.94E-06,-9.48E-09,0.048426354
48,9,2337,335,553,190,81,772,58,11,2.7,7.8,85,4.7,24,8.7,34,3.5,65,6.52E-03,1.94E-05,94.865417,-7.58E-06,-9.37E-09,0.063345629
43,8.9,2228,337,518,160,73,716,56,13,2.4,7.8,82,3.9,16,8,32,2.8,63,6.20E-03,1.83E-05,83.945421,-7.25E-06,-8.83E-09,0.057540117
37,7.5,2336,346,428,185,69,728,72,12,2.7,8.6,62,3.3,19,10,42,2.9,78,6.28E-03,1.79E-05,91.965287,-8.03E-06,-9.44E-09,0.10607648
46,9.5,2220,394,489,151,68,664,66,13,2.5,7.2,85,4.3,19,9.4,29,2.7,67,6.22E-03,1.86E-05,84.339779,-7.49E-06,-9.05E-09,0.037617906
38,9.9,2678,346,560,148,69,560,52,10,2.5,8.8,68,4,22,11.6,37,2.7,55,6.07E-03,1.82E-05,83.513261,-6.56E-06,-8.02E-09,0.09757082
46,8.9,2458,408,395,159,63,685,61,14,2.2,7.8,84,4.8,17,8.2,39,3.2,65,6.37E-03,1.90E-05,86.187707,-7.40E-06,-9.01E-09,0.095499541
42,8,2018,455,433,161,80,770,64,13,2,7.5,82,4.4,22,8.6,40,3.3,74,6.30E-03,1.86E-05,88.026029,-7.98E-06,-9.59E-09,0.093526867
52,8.7,2656,360,548,190,55,787,70,13,2.4,8.9,82,4.3,24,10.5,36,2.6,68,6.52E-03,1.92E-05,97.788969,-7.38E-06,-8.79E-09,0.080616563
39,8.4,1895,353,427,153,71,723,61,11,2.6,6.9,83,3.9,24,10.5,30,3,64,6.09E-03,1.79E-05,84.514409,-7.37E-06,-9.03E-09,0.044720558
41,8.3,2337,421,403,180,63,720,59,14,2,8.8,82,3.3,21,9.3,30,3.1,80,6.27E-03,1.78E-05,92.255321,-8.44E-06,-1.01E-08,0.029790839
45,9.2,2304,454,487,172,64,588,75,13,2.1,8.7,63,4.1,16,10.4,30,3.1,57,6.33E-03,1.86E-05,88.324188,-6.97E-06,-8.68E-09,0.049812185
40,8.3,2701,460,562,154,68,689,61,12,2,7.9,77,4.5,18,10.3,38,3,59,6.25E-03,1.89E-05,85.092167,-6.93E-06,-8.48E-09,0.097266904
38,9.4,2037,379,510,170,63,645,64,12,2,8.7,63,3.5,20,10.2,32,2.9,69,6.15E-03,1.79E-05,87.282289,-7.62E-06,-9.20E-09,0.053173043
47,8.3,2346,387,586,152,65,627,73,13,2.5,7.8,65,4.2,18,10.6,31,3.3,60,6.21E-03,1.87E-05,84.530752,-7.21E-06,-8.97E-09,0.05202747
52,7.2,2532,462,582,207,72,571,68,14,2.1,6.8,83,3.6,19,8.4,38,3.3,79,6.51E-03,1.88E-05,96.987411,-8.33E-06,-9.96E-09,0.077081008
45,7.1,2075,419,559,198,67,762,67,12,2,6.4,81,4,16,8.8,41,3,73,6.42E-03,1.88E-05,91.221898,-7.78E-06,-9.27E-09,0.1027294
39,7.3,1918,393,572,166,57,649,69,10,2.5,7.9,72,3.3,21,9.3,40,3.1,78,6.03E-03,1.77E-05,85.446579,-8.14E-06,-9.66E-09,0.092062369
40,8.8,2415,354,435,142,66,673,53,12,2.5,6.7,80,3.7,19,10.8,42,3.3,70,6.01E-03,1.77E-05,80.406388,-7.65E-06,-9.22E-09,0.11040429
51,9.8,2629,420,466,187,79,811,55,11,2.5,6.5,74,3.4,21,9.4,41,3.1,62,6.31E-03,1.80E-05,92.479527,-7.12E-06,-8.67E-09,0.11162644
37,8,2082,320,439,180,78,700,61,13,2.3,8.5,74,4.8,23,9.3,41,2.7,70,6.47E-03,1.92E-05,92.31668,-7.48E-06,-8.86E-09,0.1077437
52,8,2185,309,433,209,69,699,57,11,2,7.9,86,4.3,19,10.7,32,3.5,61,6.51E-03,1.89E-05,94.314532,-7.33E-06,-9.14E-09,0.055859342
44,8.3,2465,412,582,194,59,817,71,12,2.4,7.6,71,3.7,23,9.8,39,2.6,55,6.42E-03,1.87E-05,96.432887,-6.52E-06,-7.94E-09,0.10926999
54,7.4,2503,373,439,159,81,663,59,10,2.1,6.9,70,4.6,21,8.3,40,3.4,69,6.23E-03,1.86E-05,84.762057,-7.70E-06,-9.37E-09,0.09681116
53,8.7,2401,338,414,163,79,789,54,11,2.1,9,74,4.2,21,8.5,37,3.6,58,6.23E-03,1.83E-05,87.214498,-7.13E-06,-8.94E-09,0.086551081
40,7,2551,355,522,142,75,812,68,12,2,8.5,70,4,22,11.2,30,3.4,63,6.11E-03,1.82E-05,84.666344,-7.44E-06,-9.24E-09,0.043104194
38,9.8,2080,447,486,162,63,753,68,12,2.2,7.4,76,3.9,19,8.1,33,2.9,56,6.20E-03,1.83E-05,86.168817,-6.82E-06,-8.45E-09,0.068818045
42,8.7,2286,370,412,150,63,608,62,11,2,7.6,76,4.7,19,10.6,33,2.8,57,6.18E-03,1.86E-05,81.996405,-6.81E-06,-8.37E-09,0.070292902
50,8.5,2559,457,505,142,75,795,71,11,2.7,8.9,72,4.6,21,9.3,35,3.1,71,6.23E-03,1.88E-05,85.604637,-7.79E-06,-9.40E-09,0.067647278
54,8.3,2256,443,572,194,70,619,67,14,2.7,7.3,81,3.6,21,10.7,35,2.7,76,6.44E-03,1.86E-05,95.354264,-7.93E-06,-9.37E-09,0.067238536
42,8.3,2715,321,569,199,78,798,54,11,2.4,7.2,79,4.8,24,7.9,28,3.6,71,6.59E-03,1.96E-05,96.710427,-8.11E-06,-1.00E-08,0.020716265
48,7.9,2575,312,486,193,58,734,57,10,2.7,8.4,58,3.2,20,10.8,36,2.5,67,6.23E-03,1.78E-05,91.852448,-7.27E-06,-8.65E-09,0.082372776
50,7,1936,357,497,202,61,807,73,11,2,6.9,58,4,21,11.5,38,2.9,71,6.42E-03,1.87E-05,93.853978,-7.63E-06,-9.10E-09,0.088674262
54,7.5,2022,356,537,170,78,777,64,14,2.5,6.5,62,3.5,22,8.8,34,2.5,58,6.24E-03,1.81E-05,89.14476,-6.77E-06,-8.23E-09,0.076543614
48,7.6,1917,442,441,141,61,592,63,14,2.1,7.8,69,3.7,24,9.8,31,2.7,58,6.02E-03,1.77E-05,83.422945,-6.88E-06,-8.44E-09,0.057551267
52,8.2,2478,368,451,170,75,741,59,13,2.6,7.3,79,4.7,24,11.6,32,2.5,60,6.43E-03,1.91E-05,91.576583,-6.89E-06,-8.33E-09,0.064525481
43,9.5,1867,443,489,146,72,754,58,11,2.4,8.1,71,3.6,19,11.5,35,3.1,60,6.00E-03,1.77E-05,81.212984,-7.06E-06,-8.68E-09,0.078287019
48,7.7,2379,430,588,208,77,602,55,10,1.9,7.5,72,4.2,21,9.3,33,3.4,73,6.47E-03,1.90E-05,94.730156,-8.06E-06,-9.80E-09,0.051672694
53,8.7,2382,371,513,145,75,730,68,14,2.6,8.6,63,4.8,19,8,34,3.3,69,6.31E-03,1.91E-05,85.24593,-7.77E-06,-9.49E-09,0.060990977
44,7.4,2527,459,546,192,77,621,60,14,2.7,6.7,60,4.2,18,9.5,32,2.5,72,6.51E-03,1.91E-05,93.190137,-7.68E-06,-9.11E-09,0.053109238
